second,Volt,Volt
x,1,2
-25.00000E-03,-8.23924323E+00,+1.52049314E+00
-24.97500E-03,-8.42454474E+00,+225.73811E-03
-24.95000E-03,-7.50431860E+00,+204.53836E-03
-24.92500E-03,-6.67674322E+00,+163.70921E-03
-24.90000E-03,-5.95987764E+00,+106.39137E-03
-24.87500E-03,-5.31760376E+00,+57.71047E-03
-24.85000E-03,-4.71851456E+00,+31.79966E-03
-24.82500E-03,-4.20343918E+00,+16.88132E-03
-24.80000E-03,-3.74097058E+00,+5.10368E-03
-24.77500E-03,-3.33110877E+00,-10.59984E-03
-24.75000E-03,-2.98798691E+00,-32.58476E-03
-24.72500E-03,-2.66135374E+00,-54.56968E-03
-24.70000E-03,-2.38575701E+00,-78.12496E-03
-24.67500E-03,-2.11408615E+00,-100.10989E-03
-24.65000E-03,-1.89266655E+00,-117.38376E-03
-24.62500E-03,-1.68459494E+00,-130.73175E-03
-24.60000E-03,-1.50400449E+00,-142.50938E-03
-24.57500E-03,-1.34775449E+00,-150.36114E-03
-24.55000E-03,-1.23861504E+00,-158.21290E-03
-24.52500E-03,-1.07843916E+00,-162.13878E-03
-24.50000E-03,-971.65524E-03,-164.49431E-03
-24.47500E-03,-869.58237E-03,-169.20536E-03
-24.45000E-03,-820.11629E-03,-172.34607E-03
-24.42500E-03,-707.83614E-03,-175.48677E-03
-24.40000E-03,-656.01453E-03,-175.48677E-03
-24.37500E-03,-612.82986E-03,-175.48677E-03
-24.35000E-03,-531.95674E-03,-176.27195E-03
-24.32500E-03,-476.99443E-03,-176.27195E-03
-24.30000E-03,-455.00950E-03,-176.27195E-03
-24.27500E-03,-435.38011E-03,-176.27195E-03
-24.25000E-03,-396.12131E-03,-177.05712E-03
-24.22500E-03,-348.22558E-03,-177.05712E-03
-24.20000E-03,-308.18161E-03,-177.84230E-03
-24.17500E-03,-281.48563E-03,-177.84230E-03
-24.15000E-03,-265.78212E-03,-178.62747E-03
-24.12500E-03,-261.07106E-03,-178.62747E-03
-24.10000E-03,-250.86377E-03,-178.62747E-03
-24.07500E-03,-244.58237E-03,-180.19783E-03
-24.05000E-03,-236.73061E-03,-180.19783E-03
-24.02500E-03,-224.95297E-03,-180.98300E-03
-24.00000E-03,-212.39016E-03,-180.98300E-03
-23.97500E-03,-200.61252E-03,-180.98300E-03
-23.95000E-03,-188.04970E-03,-181.76818E-03
-23.92500E-03,-177.05724E-03,-182.55335E-03
-23.90000E-03,-166.84995E-03,-181.76818E-03
-23.87500E-03,-157.42784E-03,-182.55335E-03
-23.85000E-03,-149.57608E-03,-182.55335E-03
-23.82500E-03,-141.72433E-03,-182.55335E-03
-23.80000E-03,-136.22809E-03,-182.55335E-03
-23.77500E-03,-130.73186E-03,-182.55335E-03
-23.75000E-03,-124.45046E-03,-182.55335E-03
-23.72500E-03,-120.52458E-03,-181.76818E-03
-23.70000E-03,-117.38387E-03,-182.55335E-03
-23.67500E-03,-114.24317E-03,-183.33853E-03
-23.65000E-03,-111.88764E-03,-182.55335E-03
-23.62500E-03,-108.74694E-03,-181.76818E-03
-23.60000E-03,-106.39141E-03,-182.55335E-03
-23.57500E-03,-104.82106E-03,-182.55335E-03
-23.55000E-03,-103.25071E-03,-181.76818E-03
-23.52500E-03,-102.46553E-03,-181.76818E-03
-23.50000E-03,-101.68036E-03,-180.98300E-03
-23.47500E-03,-100.11000E-03,-182.55335E-03
-23.45000E-03,-99.32483E-03,-181.76818E-03
-23.42500E-03,-98.53965E-03,-181.76818E-03
-23.40000E-03,-97.75448E-03,-181.76818E-03
-23.37500E-03,-97.75448E-03,-180.98300E-03
-23.35000E-03,-96.96930E-03,-180.98300E-03
-23.32500E-03,-96.96930E-03,-181.76818E-03
-23.30000E-03,-96.18412E-03,-181.76818E-03
-23.27500E-03,-95.39895E-03,-180.98300E-03
-23.25000E-03,-95.39895E-03,-180.98300E-03
-23.22500E-03,-95.39895E-03,-180.98300E-03
-23.20000E-03,-94.61377E-03,-180.98300E-03
-23.17500E-03,-94.61377E-03,-180.98300E-03
-23.15000E-03,-93.82860E-03,-181.76818E-03
-23.12500E-03,-94.61377E-03,-180.98300E-03
-23.10000E-03,-93.82860E-03,-180.98300E-03
-23.07500E-03,-93.82860E-03,-180.98300E-03
-23.05000E-03,-94.61377E-03,-180.98300E-03
-23.02500E-03,-93.04342E-03,-180.98300E-03
-23.00000E-03,-93.04342E-03,-180.19783E-03
-22.97500E-03,-93.04342E-03,-180.19783E-03
-22.95000E-03,-93.04342E-03,-180.98300E-03
-22.92500E-03,-93.04342E-03,-180.19783E-03
-22.90000E-03,-92.25824E-03,-180.98300E-03
-22.87500E-03,-93.04342E-03,-180.98300E-03
-22.85000E-03,-93.82860E-03,-180.98300E-03
-22.82500E-03,-93.04342E-03,-180.19783E-03
-22.80000E-03,-93.04342E-03,-180.98300E-03
-22.77500E-03,-92.25824E-03,-180.19783E-03
-22.75000E-03,-92.25824E-03,-180.98300E-03
-22.72500E-03,-92.25824E-03,-180.19783E-03
-22.70000E-03,-92.25824E-03,-180.19783E-03
-22.67500E-03,-93.04342E-03,-180.19783E-03
-22.65000E-03,-92.25824E-03,-180.19783E-03
-22.62500E-03,-93.04342E-03,-180.19783E-03
-22.60000E-03,-93.04342E-03,-180.98300E-03
-22.57500E-03,-93.04342E-03,-180.19783E-03
-22.55000E-03,-93.04342E-03,-180.19783E-03
-22.52500E-03,-93.04342E-03,-180.19783E-03
-22.50000E-03,-93.04342E-03,-179.41265E-03
-22.47500E-03,-93.04342E-03,-180.19783E-03
-22.45000E-03,-93.04342E-03,-179.41265E-03
-22.42500E-03,-92.25824E-03,-180.19783E-03
-22.40000E-03,-93.04342E-03,-179.41265E-03
-22.37500E-03,-92.25824E-03,-180.19783E-03
-22.35000E-03,-93.04342E-03,-180.19783E-03
-22.32500E-03,-92.25824E-03,-180.19783E-03
-22.30000E-03,-93.04342E-03,-180.19783E-03
-22.27500E-03,-93.04342E-03,-179.41265E-03
-22.25000E-03,-93.82860E-03,-179.41265E-03
-22.22500E-03,-93.04342E-03,-179.41265E-03
-22.20000E-03,-93.04342E-03,-179.41265E-03
-22.17500E-03,-93.82860E-03,-179.41265E-03
-22.15000E-03,-93.04342E-03,-180.19783E-03
-22.12500E-03,-93.04342E-03,-180.19783E-03
-22.10000E-03,-93.04342E-03,-179.41265E-03
-22.07500E-03,-92.25824E-03,-180.19783E-03
-22.05000E-03,-93.04342E-03,-179.41265E-03
-22.02500E-03,-93.04342E-03,-179.41265E-03
-22.00000E-03,-92.25824E-03,-179.41265E-03
-21.97500E-03,-93.04342E-03,-179.41265E-03
-21.95000E-03,-92.25824E-03,-179.41265E-03
-21.92500E-03,-93.04342E-03,-179.41265E-03
-21.90000E-03,-92.25824E-03,-179.41265E-03
-21.87500E-03,-93.04342E-03,-179.41265E-03
-21.85000E-03,-93.04342E-03,-179.41265E-03
-21.82500E-03,-93.82860E-03,-180.19783E-03
-21.80000E-03,-93.04342E-03,-179.41265E-03
-21.77500E-03,-93.04342E-03,-179.41265E-03
-21.75000E-03,-93.04342E-03,-180.19783E-03
-21.72500E-03,-93.04342E-03,-179.41265E-03
-21.70000E-03,-92.25824E-03,-179.41265E-03
-21.67500E-03,-93.04342E-03,-180.19783E-03
-21.65000E-03,-93.04342E-03,-178.62747E-03
-21.62500E-03,-93.04342E-03,-178.62747E-03
-21.60000E-03,-93.82860E-03,-178.62747E-03
-21.57500E-03,-93.82860E-03,-179.41265E-03
-21.55000E-03,-93.04342E-03,-179.41265E-03
-21.52500E-03,-93.04342E-03,-179.41265E-03
-21.50000E-03,-92.25824E-03,-179.41265E-03
-21.47500E-03,-93.04342E-03,-179.41265E-03
-21.45000E-03,-93.04342E-03,-179.41265E-03
-21.42500E-03,-92.25824E-03,-179.41265E-03
-21.40000E-03,-93.04342E-03,-180.19783E-03
-21.37500E-03,-93.04342E-03,-180.19783E-03
-21.35000E-03,-93.04342E-03,-179.41265E-03
-21.32500E-03,-93.04342E-03,-179.41265E-03
-21.30000E-03,-93.04342E-03,-179.41265E-03
-21.27500E-03,-92.25824E-03,-179.41265E-03
-21.25000E-03,-93.04342E-03,-179.41265E-03
-21.22500E-03,-93.82860E-03,-179.41265E-03
-21.20000E-03,-93.04342E-03,-179.41265E-03
-21.17500E-03,-93.04342E-03,-179.41265E-03
-21.15000E-03,-93.04342E-03,-179.41265E-03
-21.12500E-03,-93.04342E-03,-179.41265E-03
-21.10000E-03,-93.04342E-03,-179.41265E-03
-21.07500E-03,-93.04342E-03,-179.41265E-03
-21.05000E-03,-92.25824E-03,-179.41265E-03
-21.02500E-03,-93.04342E-03,-178.62747E-03
-21.00000E-03,-93.82860E-03,-179.41265E-03
-20.97500E-03,-93.04342E-03,-178.62747E-03
-20.95000E-03,-93.04342E-03,-179.41265E-03
-20.92500E-03,-93.04342E-03,-178.62747E-03
-20.90000E-03,-93.82860E-03,-178.62747E-03
-20.87500E-03,-92.25824E-03,-178.62747E-03
-20.85000E-03,-92.25824E-03,-178.62747E-03
-20.82500E-03,-93.04342E-03,-178.62747E-03
-20.80000E-03,-93.04342E-03,-179.41265E-03
-20.77500E-03,-93.04342E-03,-179.41265E-03
-20.75000E-03,-93.04342E-03,-179.41265E-03
-20.72500E-03,-93.04342E-03,-178.62747E-03
-20.70000E-03,-92.25824E-03,-178.62747E-03
-20.67500E-03,-93.82860E-03,-179.41265E-03
-20.65000E-03,-93.04342E-03,-178.62747E-03
-20.62500E-03,-92.25824E-03,-179.41265E-03
-20.60000E-03,-93.04342E-03,-178.62747E-03
-20.57500E-03,-93.04342E-03,-179.41265E-03
-20.55000E-03,-93.04342E-03,-178.62747E-03
-20.52500E-03,-93.04342E-03,-179.41265E-03
-20.50000E-03,-93.04342E-03,-179.41265E-03
-20.47500E-03,-93.04342E-03,-178.62747E-03
-20.45000E-03,-93.04342E-03,-179.41265E-03
-20.42500E-03,-93.04342E-03,-179.41265E-03
-20.40000E-03,-93.04342E-03,-179.41265E-03
-20.37500E-03,-93.04342E-03,-178.62747E-03
-20.35000E-03,-93.04342E-03,-179.41265E-03
-20.32500E-03,-93.04342E-03,-179.41265E-03
-20.30000E-03,-93.04342E-03,-179.41265E-03
-20.27500E-03,-93.82860E-03,-178.62747E-03
-20.25000E-03,-93.04342E-03,-178.62747E-03
-20.22500E-03,-93.04342E-03,-178.62747E-03
-20.20000E-03,-93.04342E-03,-178.62747E-03
-20.17500E-03,-93.04342E-03,-179.41265E-03
-20.15000E-03,-93.82860E-03,-179.41265E-03
-20.12500E-03,-93.82860E-03,-179.41265E-03
-20.10000E-03,-93.82860E-03,-179.41265E-03
-20.07500E-03,-93.04342E-03,-178.62747E-03
-20.05000E-03,-93.04342E-03,-179.41265E-03
-20.02500E-03,-93.04342E-03,-179.41265E-03
-20.00000E-03,+8.75981469E+00,+8.96003466E+00
-19.97500E-03,+7.06619030E+00,+9.21678717E+00
-19.95000E-03,+5.70155461E+00,+9.35183742E+00
-19.92500E-03,+4.58346415E+00,+9.46254722E+00
-19.90000E-03,+3.70642269E+00,+9.51044295E+00
-19.87500E-03,+2.98406087E+00,+9.61408617E+00
-19.85000E-03,+2.42423047E+00,+9.66355225E+00
-19.82500E-03,+1.96097670E+00,+9.69652964E+00
-19.80000E-03,+1.59744026E+00,+9.74599572E+00
-19.77500E-03,+1.31870282E+00,+9.79232110E+00
-19.75000E-03,+1.09414252E+00,+9.82529848E+00
-19.72500E-03,+915.12242E-03,+9.84414270E+00
-19.70000E-03,+744.73925E-03,+9.85434999E+00
-19.67500E-03,+599.48171E-03,+9.86063140E+00
-19.65000E-03,+531.17141E-03,+9.86220175E+00
-19.62500E-03,+427.52819E-03,+9.86377210E+00
-19.60000E-03,+354.50683E-03,+9.86848316E+00
-19.57500E-03,+332.52191E-03,+9.87162386E+00
-19.55000E-03,+280.70030E-03,+9.87319421E+00
-19.52500E-03,+213.96035E-03,+9.87319421E+00
-19.50000E-03,+169.20533E-03,+9.87397939E+00
-19.47500E-03,+151.14628E-03,+9.87476456E+00
-19.45000E-03,+137.79829E-03,+9.87397939E+00
-19.42500E-03,+122.09477E-03,+9.87476456E+00
-19.40000E-03,+96.96914E-03,+9.87476456E+00
-19.37500E-03,+63.99176E-03,+9.87476456E+00
-19.35000E-03,+34.15507E-03,+9.87476456E+00
-19.32500E-03,+7.45909E-03,+9.87476456E+00
-19.30000E-03,-11.38513E-03,+9.87476456E+00
-19.27500E-03,-26.30347E-03,+9.87476456E+00
-19.25000E-03,-37.29593E-03,+9.87476456E+00
-19.22500E-03,-43.57734E-03,+9.87476456E+00
-19.20000E-03,-49.85875E-03,+9.87476456E+00
-19.17500E-03,-50.64392E-03,+9.87476456E+00
-19.15000E-03,-52.99945E-03,+9.87476456E+00
-19.12500E-03,-59.28086E-03,+9.87476456E+00
-19.10000E-03,-62.42156E-03,+9.87476456E+00
-19.07500E-03,-62.42156E-03,+9.87476456E+00
-19.05000E-03,-63.20674E-03,+9.87476456E+00
-19.02500E-03,-64.77709E-03,+9.87476456E+00
-19.00000E-03,-67.91779E-03,+9.87476456E+00
-18.97500E-03,-69.48814E-03,+9.87476456E+00
-18.95000E-03,-73.41402E-03,+9.87476456E+00
-18.92500E-03,-74.98438E-03,+9.87554974E+00
-18.90000E-03,-74.98438E-03,+9.87476456E+00
-18.87500E-03,-75.76955E-03,+9.87476456E+00
-18.85000E-03,-77.33990E-03,+9.87476456E+00
-18.82500E-03,-78.12508E-03,+9.87476456E+00
-18.80000E-03,-78.91025E-03,+9.87476456E+00
-18.77500E-03,-81.26578E-03,+9.87476456E+00
-18.75000E-03,-82.05096E-03,+9.87476456E+00
-18.72500E-03,-82.83613E-03,+9.87476456E+00
-18.70000E-03,-83.62131E-03,+9.87476456E+00
-18.67500E-03,-84.40649E-03,+9.87476456E+00
-18.65000E-03,-85.19166E-03,+9.87476456E+00
-18.62500E-03,-85.97684E-03,+9.87476456E+00
-18.60000E-03,-86.76201E-03,+9.87476456E+00
-18.57500E-03,-86.76201E-03,+9.87476456E+00
-18.55000E-03,-86.76201E-03,+9.87476456E+00
-18.52500E-03,-87.54719E-03,+9.87476456E+00
-18.50000E-03,-87.54719E-03,+9.87476456E+00
-18.47500E-03,-87.54719E-03,+9.87476456E+00
-18.45000E-03,-87.54719E-03,+9.87476456E+00
-18.42500E-03,-87.54719E-03,+9.87476456E+00
-18.40000E-03,-87.54719E-03,+9.87476456E+00
-18.37500E-03,-88.33237E-03,+9.87476456E+00
-18.35000E-03,-88.33237E-03,+9.87476456E+00
-18.32500E-03,-88.33237E-03,+9.87476456E+00
-18.30000E-03,-88.33237E-03,+9.87476456E+00
-18.27500E-03,-88.33237E-03,+9.87476456E+00
-18.25000E-03,-89.11754E-03,+9.87476456E+00
-18.22500E-03,-89.90272E-03,+9.87476456E+00
-18.20000E-03,-89.11754E-03,+9.87476456E+00
-18.17500E-03,-89.11754E-03,+9.87476456E+00
-18.15000E-03,-89.11754E-03,+9.87476456E+00
-18.12500E-03,-89.11754E-03,+9.87476456E+00
-18.10000E-03,-89.11754E-03,+9.87476456E+00
-18.07500E-03,-89.11754E-03,+9.87476456E+00
-18.05000E-03,-89.90272E-03,+9.87476456E+00
-18.02500E-03,-89.11754E-03,+9.87476456E+00
-18.00000E-03,-89.11754E-03,+9.87476456E+00
-17.97500E-03,-89.90272E-03,+9.87476456E+00
-17.95000E-03,-89.11754E-03,+9.87476456E+00
-17.92500E-03,-88.33237E-03,+9.87476456E+00
-17.90000E-03,-89.90272E-03,+9.87476456E+00
-17.87500E-03,-89.11754E-03,+9.87476456E+00
-17.85000E-03,-89.11754E-03,+9.87476456E+00
-17.82500E-03,-89.11754E-03,+9.87476456E+00
-17.80000E-03,-89.90272E-03,+9.87476456E+00
-17.77500E-03,-89.90272E-03,+9.87476456E+00
-17.75000E-03,-89.90272E-03,+9.87476456E+00
-17.72500E-03,-89.90272E-03,+9.87476456E+00
-17.70000E-03,-89.11754E-03,+9.87397939E+00
-17.67500E-03,-88.33237E-03,+9.87476456E+00
-17.65000E-03,-89.90272E-03,+9.87476456E+00
-17.62500E-03,-89.11754E-03,+9.87476456E+00
-17.60000E-03,-89.11754E-03,+9.87476456E+00
-17.57500E-03,-89.11754E-03,+9.87476456E+00
-17.55000E-03,-89.90272E-03,+9.87476456E+00
-17.52500E-03,-89.11754E-03,+9.87476456E+00
-17.50000E-03,-89.90272E-03,+9.87476456E+00
-17.47500E-03,-89.90272E-03,+9.87476456E+00
-17.45000E-03,-89.90272E-03,+9.87476456E+00
-17.42500E-03,-89.11754E-03,+9.87476456E+00
-17.40000E-03,-89.11754E-03,+9.87476456E+00
-17.37500E-03,-89.90272E-03,+9.87476456E+00
-17.35000E-03,-89.11754E-03,+9.87476456E+00
-17.32500E-03,-89.11754E-03,+9.87476456E+00
-17.30000E-03,-89.11754E-03,+9.87476456E+00
-17.27500E-03,-89.11754E-03,+9.87476456E+00
-17.25000E-03,-89.90272E-03,+9.87476456E+00
-17.22500E-03,-89.90272E-03,+9.87476456E+00
-17.20000E-03,-89.90272E-03,+9.87476456E+00
-17.17500E-03,-89.90272E-03,+9.87476456E+00
-17.15000E-03,-89.11754E-03,+9.87476456E+00
-17.12500E-03,-89.11754E-03,+9.87476456E+00
-17.10000E-03,-89.90272E-03,+9.87476456E+00
-17.07500E-03,-89.11754E-03,+9.87476456E+00
-17.05000E-03,-89.11754E-03,+9.87476456E+00
-17.02500E-03,-89.90272E-03,+9.87476456E+00
-17.00000E-03,-89.11754E-03,+9.87476456E+00
-16.97500E-03,-89.11754E-03,+9.87476456E+00
-16.95000E-03,-89.11754E-03,+9.87476456E+00
-16.92500E-03,-89.90272E-03,+9.87476456E+00
-16.90000E-03,-89.11754E-03,+9.87476456E+00
-16.87500E-03,-89.90272E-03,+9.87476456E+00
-16.85000E-03,-89.11754E-03,+9.87476456E+00
-16.82500E-03,-89.11754E-03,+9.87476456E+00
-16.80000E-03,-89.11754E-03,+9.87476456E+00
-16.77500E-03,-89.11754E-03,+9.87476456E+00
-16.75000E-03,-89.11754E-03,+9.87476456E+00
-16.72500E-03,-89.11754E-03,+9.87476456E+00
-16.70000E-03,-89.11754E-03,+9.87476456E+00
-16.67500E-03,-89.11754E-03,+9.87476456E+00
-16.65000E-03,-89.11754E-03,+9.87476456E+00
-16.62500E-03,-89.11754E-03,+9.87476456E+00
-16.60000E-03,-89.90272E-03,+9.87476456E+00
-16.57500E-03,-89.90272E-03,+9.87476456E+00
-16.55000E-03,-89.90272E-03,+9.87476456E+00
-16.52500E-03,-89.90272E-03,+9.87476456E+00
-16.50000E-03,-89.11754E-03,+9.87476456E+00
-16.47500E-03,-89.90272E-03,+9.87476456E+00
-16.45000E-03,-89.90272E-03,+9.87476456E+00
-16.42500E-03,-89.11754E-03,+9.87476456E+00
-16.40000E-03,-89.11754E-03,+9.87476456E+00
-16.37500E-03,-89.11754E-03,+9.87476456E+00
-16.35000E-03,-89.11754E-03,+9.87476456E+00
-16.32500E-03,-89.11754E-03,+9.87397939E+00
-16.30000E-03,-89.90272E-03,+9.87476456E+00
-16.27500E-03,-89.11754E-03,+9.87476456E+00
-16.25000E-03,-89.11754E-03,+9.87476456E+00
-16.22500E-03,-89.11754E-03,+9.87476456E+00
-16.20000E-03,-89.11754E-03,+9.87476456E+00
-16.17500E-03,-89.11754E-03,+9.87476456E+00
-16.15000E-03,-89.90272E-03,+9.87476456E+00
-16.12500E-03,-89.11754E-03,+9.87476456E+00
-16.10000E-03,-89.11754E-03,+9.87476456E+00
-16.07500E-03,-89.11754E-03,+9.87476456E+00
-16.05000E-03,-89.11754E-03,+9.87476456E+00
-16.02500E-03,-89.11754E-03,+9.87476456E+00
-16.00000E-03,-89.11754E-03,+9.87476456E+00
-15.97500E-03,-89.11754E-03,+9.87476456E+00
-15.95000E-03,-89.11754E-03,+9.87476456E+00
-15.92500E-03,-89.90272E-03,+9.87476456E+00
-15.90000E-03,-89.90272E-03,+9.87476456E+00
-15.87500E-03,-89.11754E-03,+9.87476456E+00
-15.85000E-03,-89.90272E-03,+9.87476456E+00
-15.82500E-03,-89.90272E-03,+9.87476456E+00
-15.80000E-03,-89.90272E-03,+9.87476456E+00
-15.77500E-03,-89.11754E-03,+9.87476456E+00
-15.75000E-03,-89.90272E-03,+9.87476456E+00
-15.72500E-03,-89.11754E-03,+9.87476456E+00
-15.70000E-03,-89.90272E-03,+9.87476456E+00
-15.67500E-03,-89.11754E-03,+9.87476456E+00
-15.65000E-03,-89.11754E-03,+9.87476456E+00
-15.62500E-03,-89.11754E-03,+9.87397939E+00
-15.60000E-03,-89.90272E-03,+9.87476456E+00
-15.57500E-03,-89.11754E-03,+9.87476456E+00
-15.55000E-03,-89.90272E-03,+9.87476456E+00
-15.52500E-03,-89.11754E-03,+9.87476456E+00
-15.50000E-03,-89.90272E-03,+9.87476456E+00
-15.47500E-03,-89.11754E-03,+9.87397939E+00
-15.45000E-03,-89.90272E-03,+9.87476456E+00
-15.42500E-03,-89.11754E-03,+9.87476456E+00
-15.40000E-03,-89.11754E-03,+9.87476456E+00
-15.37500E-03,-89.90272E-03,+9.87476456E+00
-15.35000E-03,-89.11754E-03,+9.87476456E+00
-15.32500E-03,-89.11754E-03,+9.87476456E+00
-15.30000E-03,-89.11754E-03,+9.87476456E+00
-15.27500E-03,-89.11754E-03,+9.87476456E+00
-15.25000E-03,-89.11754E-03,+9.87476456E+00
-15.22500E-03,-89.11754E-03,+9.87476456E+00
-15.20000E-03,-89.11754E-03,+9.87476456E+00
-15.17500E-03,-89.11754E-03,+9.87476456E+00
-15.15000E-03,-89.11754E-03,+9.87476456E+00
-15.12500E-03,-89.11754E-03,+9.87476456E+00
-15.10000E-03,-89.11754E-03,+9.87476456E+00
-15.07500E-03,-89.11754E-03,+9.87476456E+00
-15.05000E-03,-89.11754E-03,+9.87476456E+00
-15.02500E-03,-89.11754E-03,+9.87476456E+00
-15.00000E-03,-8.31304977E+00,+1.44276073E+00
-14.97500E-03,-8.42140404E+00,+225.73811E-03
-14.95000E-03,-7.50196308E+00,+204.53836E-03
-14.92500E-03,-6.67438769E+00,+164.49439E-03
-14.90000E-03,-5.95830729E+00,+104.82102E-03
-14.87500E-03,-5.31603341E+00,+57.71047E-03
-14.85000E-03,-4.71615903E+00,+31.79966E-03
-14.82500E-03,-4.20265401E+00,+16.88132E-03
-14.80000E-03,-3.73940023E+00,+5.10368E-03
-14.77500E-03,-3.32953842E+00,-10.59984E-03
-14.75000E-03,-2.98641656E+00,-32.58476E-03
-14.72500E-03,-2.65978339E+00,-54.56968E-03
-14.70000E-03,-2.38418665E+00,-78.12496E-03
-14.67500E-03,-2.11330097E+00,-100.10989E-03
-14.65000E-03,-1.89109620E+00,-117.38376E-03
-14.62500E-03,-1.68459494E+00,-132.30210E-03
-14.60000E-03,-1.50400449E+00,-142.50938E-03
-14.57500E-03,-1.34696931E+00,-151.14632E-03
-14.55000E-03,-1.23861504E+00,-158.21290E-03
-14.52500E-03,-1.07765398E+00,-162.13878E-03
-14.50000E-03,-970.08488E-03,-164.49431E-03
-14.47500E-03,-869.58237E-03,-169.20536E-03
-14.45000E-03,-818.54594E-03,-173.13124E-03
-14.42500E-03,-707.83614E-03,-175.48677E-03
-14.40000E-03,-655.22935E-03,-175.48677E-03
-14.37500E-03,-612.04468E-03,-175.48677E-03
-14.35000E-03,-531.95674E-03,-175.48677E-03
-14.32500E-03,-476.99443E-03,-176.27195E-03
-14.30000E-03,-455.00950E-03,-176.27195E-03
-14.27500E-03,-435.38011E-03,-176.27195E-03
-14.25000E-03,-395.33614E-03,-176.27195E-03
-14.22500E-03,-347.44041E-03,-177.05712E-03
-14.20000E-03,-306.61126E-03,-177.84230E-03
-14.17500E-03,-281.48563E-03,-177.84230E-03
-14.15000E-03,-265.78212E-03,-178.62747E-03
-14.12500E-03,-261.85624E-03,-179.41265E-03
-14.10000E-03,-251.64895E-03,-179.41265E-03
-14.07500E-03,-244.58237E-03,-180.19783E-03
-14.05000E-03,-235.94543E-03,-180.19783E-03
-14.02500E-03,-224.16779E-03,-180.19783E-03
-14.00000E-03,-213.17533E-03,-180.98300E-03
-13.97500E-03,-199.82734E-03,-180.98300E-03
-13.95000E-03,-188.04970E-03,-180.98300E-03
-13.92500E-03,-177.05724E-03,-182.55335E-03
-13.90000E-03,-166.06478E-03,-181.76818E-03
-13.87500E-03,-157.42784E-03,-182.55335E-03
-13.85000E-03,-148.79091E-03,-182.55335E-03
-13.82500E-03,-140.93915E-03,-182.55335E-03
-13.80000E-03,-135.44292E-03,-182.55335E-03
-13.77500E-03,-129.16151E-03,-182.55335E-03
-13.75000E-03,-123.66528E-03,-182.55335E-03
-13.72500E-03,-119.73940E-03,-182.55335E-03
-13.70000E-03,-116.59870E-03,-182.55335E-03
-13.67500E-03,-113.45799E-03,-181.76818E-03
-13.65000E-03,-111.10247E-03,-182.55335E-03
-13.62500E-03,-108.74694E-03,-181.76818E-03
-13.60000E-03,-107.17659E-03,-182.55335E-03
-13.57500E-03,-104.82106E-03,-182.55335E-03
-13.55000E-03,-103.25071E-03,-182.55335E-03
-13.52500E-03,-102.46553E-03,-182.55335E-03
-13.50000E-03,-100.89518E-03,-182.55335E-03
-13.47500E-03,-99.32483E-03,-182.55335E-03
-13.45000E-03,-98.53965E-03,-182.55335E-03
-13.42500E-03,-98.53965E-03,-182.55335E-03
-13.40000E-03,-97.75448E-03,-181.76818E-03
-13.37500E-03,-97.75448E-03,-182.55335E-03
-13.35000E-03,-96.18412E-03,-181.76818E-03
-13.32500E-03,-95.39895E-03,-181.76818E-03
-13.30000E-03,-95.39895E-03,-181.76818E-03
-13.27500E-03,-95.39895E-03,-181.76818E-03
-13.25000E-03,-94.61377E-03,-180.98300E-03
-13.22500E-03,-94.61377E-03,-181.76818E-03
-13.20000E-03,-93.82860E-03,-181.76818E-03
-13.17500E-03,-94.61377E-03,-181.76818E-03
-13.15000E-03,-93.82860E-03,-181.76818E-03
-13.12500E-03,-93.82860E-03,-181.76818E-03
-13.10000E-03,-93.04342E-03,-180.98300E-03
-13.07500E-03,-93.82860E-03,-180.98300E-03
-13.05000E-03,-93.04342E-03,-181.76818E-03
-13.02500E-03,-93.04342E-03,-180.98300E-03
-13.00000E-03,-93.04342E-03,-180.19783E-03
-12.97500E-03,-93.04342E-03,-181.76818E-03
-12.95000E-03,-92.25824E-03,-181.76818E-03
-12.92500E-03,-93.04342E-03,-180.19783E-03
-12.90000E-03,-93.04342E-03,-180.19783E-03
-12.87500E-03,-93.04342E-03,-180.19783E-03
-12.85000E-03,-93.04342E-03,-180.19783E-03
-12.82500E-03,-92.25824E-03,-180.19783E-03
-12.80000E-03,-93.04342E-03,-180.19783E-03
-12.77500E-03,-92.25824E-03,-180.19783E-03
-12.75000E-03,-92.25824E-03,-180.19783E-03
-12.72500E-03,-93.04342E-03,-180.19783E-03
-12.70000E-03,-93.04342E-03,-180.19783E-03
-12.67500E-03,-92.25824E-03,-179.41265E-03
-12.65000E-03,-93.04342E-03,-180.19783E-03
-12.62500E-03,-93.04342E-03,-180.19783E-03
-12.60000E-03,-92.25824E-03,-180.19783E-03
-12.57500E-03,-92.25824E-03,-180.19783E-03
-12.55000E-03,-92.25824E-03,-180.19783E-03
-12.52500E-03,-93.04342E-03,-180.19783E-03
-12.50000E-03,-93.04342E-03,-180.19783E-03
-12.47500E-03,-93.04342E-03,-180.19783E-03
-12.45000E-03,-92.25824E-03,-180.19783E-03
-12.42500E-03,-92.25824E-03,-180.19783E-03
-12.40000E-03,-92.25824E-03,-179.41265E-03
-12.37500E-03,-92.25824E-03,-179.41265E-03
-12.35000E-03,-93.04342E-03,-180.19783E-03
-12.32500E-03,-93.04342E-03,-180.19783E-03
-12.30000E-03,-92.25824E-03,-180.19783E-03
-12.27500E-03,-92.25824E-03,-180.19783E-03
-12.25000E-03,-92.25824E-03,-180.19783E-03
-12.22500E-03,-93.04342E-03,-179.41265E-03
-12.20000E-03,-91.47307E-03,-180.19783E-03
-12.17500E-03,-93.04342E-03,-179.41265E-03
-12.15000E-03,-92.25824E-03,-179.41265E-03
-12.12500E-03,-92.25824E-03,-180.19783E-03
-12.10000E-03,-93.04342E-03,-180.19783E-03
-12.07500E-03,-93.04342E-03,-180.19783E-03
-12.05000E-03,-92.25824E-03,-179.41265E-03
-12.02500E-03,-92.25824E-03,-179.41265E-03
-12.00000E-03,-93.04342E-03,-180.19783E-03
-11.97500E-03,-92.25824E-03,-179.41265E-03
-11.95000E-03,-92.25824E-03,-179.41265E-03
-11.92500E-03,-92.25824E-03,-179.41265E-03
-11.90000E-03,-92.25824E-03,-179.41265E-03
-11.87500E-03,-93.04342E-03,-179.41265E-03
-11.85000E-03,-93.04342E-03,-180.19783E-03
-11.82500E-03,-93.04342E-03,-179.41265E-03
-11.80000E-03,-93.04342E-03,-179.41265E-03
-11.77500E-03,-93.04342E-03,-179.41265E-03
-11.75000E-03,-93.04342E-03,-179.41265E-03
-11.72500E-03,-93.04342E-03,-179.41265E-03
-11.70000E-03,-93.04342E-03,-179.41265E-03
-11.67500E-03,-92.25824E-03,-179.41265E-03
-11.65000E-03,-93.04342E-03,-179.41265E-03
-11.62500E-03,-93.04342E-03,-178.62747E-03
-11.60000E-03,-93.04342E-03,-179.41265E-03
-11.57500E-03,-93.82860E-03,-179.41265E-03
-11.55000E-03,-93.04342E-03,-180.19783E-03
-11.52500E-03,-93.04342E-03,-179.41265E-03
-11.50000E-03,-92.25824E-03,-179.41265E-03
-11.47500E-03,-92.25824E-03,-179.41265E-03
-11.45000E-03,-92.25824E-03,-179.41265E-03
-11.42500E-03,-93.04342E-03,-178.62747E-03
-11.40000E-03,-92.25824E-03,-179.41265E-03
-11.37500E-03,-92.25824E-03,-179.41265E-03
-11.35000E-03,-92.25824E-03,-179.41265E-03
-11.32500E-03,-93.04342E-03,-179.41265E-03
-11.30000E-03,-93.04342E-03,-178.62747E-03
-11.27500E-03,-93.04342E-03,-178.62747E-03
-11.25000E-03,-93.82860E-03,-179.41265E-03
-11.22500E-03,-93.04342E-03,-179.41265E-03
-11.20000E-03,-93.04342E-03,-179.41265E-03
-11.17500E-03,-93.04342E-03,-179.41265E-03
-11.15000E-03,-93.04342E-03,-178.62747E-03
-11.12500E-03,-93.04342E-03,-179.41265E-03
-11.10000E-03,-93.04342E-03,-179.41265E-03
-11.07500E-03,-92.25824E-03,-179.41265E-03
-11.05000E-03,-93.04342E-03,-179.41265E-03
-11.02500E-03,-93.04342E-03,-179.41265E-03
-11.00000E-03,-92.25824E-03,-179.41265E-03
-10.97500E-03,-93.04342E-03,-179.41265E-03
-10.95000E-03,-93.04342E-03,-179.41265E-03
-10.92500E-03,-92.25824E-03,-179.41265E-03
-10.90000E-03,-92.25824E-03,-179.41265E-03
-10.87500E-03,-93.04342E-03,-179.41265E-03
-10.85000E-03,-93.04342E-03,-179.41265E-03
-10.82500E-03,-93.04342E-03,-178.62747E-03
-10.80000E-03,-93.04342E-03,-179.41265E-03
-10.77500E-03,-93.04342E-03,-179.41265E-03
-10.75000E-03,-93.04342E-03,-179.41265E-03
-10.72500E-03,-93.04342E-03,-178.62747E-03
-10.70000E-03,-93.82860E-03,-179.41265E-03
-10.67500E-03,-93.04342E-03,-179.41265E-03
-10.65000E-03,-93.04342E-03,-179.41265E-03
-10.62500E-03,-93.04342E-03,-180.19783E-03
-10.60000E-03,-92.25824E-03,-179.41265E-03
-10.57500E-03,-93.04342E-03,-178.62747E-03
-10.55000E-03,-93.04342E-03,-180.19783E-03
-10.52500E-03,-93.04342E-03,-179.41265E-03
-10.50000E-03,-93.04342E-03,-179.41265E-03
-10.47500E-03,-93.04342E-03,-179.41265E-03
-10.45000E-03,-93.04342E-03,-179.41265E-03
-10.42500E-03,-93.04342E-03,-178.62747E-03
-10.40000E-03,-93.04342E-03,-179.41265E-03
-10.37500E-03,-93.04342E-03,-179.41265E-03
-10.35000E-03,-93.04342E-03,-179.41265E-03
-10.32500E-03,-93.04342E-03,-179.41265E-03
-10.30000E-03,-93.04342E-03,-179.41265E-03
-10.27500E-03,-92.25824E-03,-179.41265E-03
-10.25000E-03,-93.04342E-03,-179.41265E-03
-10.22500E-03,-92.25824E-03,-179.41265E-03
-10.20000E-03,-93.04342E-03,-179.41265E-03
-10.17500E-03,-93.04342E-03,-179.41265E-03
-10.15000E-03,-93.04342E-03,-180.19783E-03
-10.12500E-03,-93.04342E-03,-180.19783E-03
-10.10000E-03,-92.25824E-03,-178.62747E-03
-10.07500E-03,-93.04342E-03,-179.41265E-03
-10.05000E-03,-92.25824E-03,-179.41265E-03
-10.02500E-03,-93.82860E-03,-179.41265E-03
-10.00000E-03,+8.78572549E+00,+8.99144169E+00
-9.97500E-03,+7.06304960E+00,+9.21678717E+00
-9.95000E-03,+5.69841391E+00,+9.35105225E+00
-9.92500E-03,+4.58110863E+00,+9.46254722E+00
-9.90000E-03,+3.70406716E+00,+9.50965778E+00
-9.87500E-03,+2.98249052E+00,+9.61408617E+00
-9.85000E-03,+2.42266012E+00,+9.66355225E+00
-9.82500E-03,+1.96019152E+00,+9.69731481E+00
-9.80000E-03,+1.59744026E+00,+9.74599572E+00
-9.77500E-03,+1.31791765E+00,+9.79310627E+00
-9.75000E-03,+1.09335734E+00,+9.82451331E+00
-9.72500E-03,+916.69277E-03,+9.84414270E+00
-9.70000E-03,+744.73925E-03,+9.85434999E+00
-9.67500E-03,+599.48171E-03,+9.86063140E+00
-9.65000E-03,+531.17141E-03,+9.86220175E+00
-9.62500E-03,+427.52819E-03,+9.86455728E+00
-9.60000E-03,+354.50683E-03,+9.86848316E+00
-9.57500E-03,+332.52191E-03,+9.87162386E+00
-9.55000E-03,+281.48548E-03,+9.87319421E+00
-9.52500E-03,+213.96035E-03,+9.87397939E+00
-9.50000E-03,+169.20533E-03,+9.87397939E+00
-9.47500E-03,+150.36110E-03,+9.87397939E+00
-9.45000E-03,+137.79829E-03,+9.87397939E+00
-9.42500E-03,+121.30960E-03,+9.87476456E+00
-9.40000E-03,+95.39879E-03,+9.87476456E+00
-9.37500E-03,+63.99176E-03,+9.87476456E+00
-9.35000E-03,+34.15507E-03,+9.87476456E+00
-9.32500E-03,+7.45909E-03,+9.87476456E+00
-9.30000E-03,-11.38513E-03,+9.87476456E+00
-9.27500E-03,-27.08865E-03,+9.87476456E+00
-9.25000E-03,-37.29593E-03,+9.87476456E+00
-9.22500E-03,-44.36252E-03,+9.87476456E+00
-9.20000E-03,-49.85875E-03,+9.87476456E+00
-9.17500E-03,-50.64392E-03,+9.87476456E+00
-9.15000E-03,-52.99945E-03,+9.87476456E+00
-9.12500E-03,-59.28086E-03,+9.87476456E+00
-9.10000E-03,-62.42156E-03,+9.87476456E+00
-9.07500E-03,-62.42156E-03,+9.87476456E+00
-9.05000E-03,-63.20674E-03,+9.87476456E+00
-9.02500E-03,-63.99191E-03,+9.87554974E+00
-9.00000E-03,-67.13262E-03,+9.87554974E+00
-8.97500E-03,-70.27332E-03,+9.87476456E+00
-8.95000E-03,-73.41402E-03,+9.87476456E+00
-8.92500E-03,-74.98438E-03,+9.87476456E+00
-8.90000E-03,-74.98438E-03,+9.87554974E+00
-8.87500E-03,-76.55473E-03,+9.87476456E+00
-8.85000E-03,-77.33990E-03,+9.87476456E+00
-8.82500E-03,-77.33990E-03,+9.87476456E+00
-8.80000E-03,-79.69543E-03,+9.87476456E+00
-8.77500E-03,-81.26578E-03,+9.87476456E+00
-8.75000E-03,-82.05096E-03,+9.87476456E+00
-8.72500E-03,-82.83613E-03,+9.87476456E+00
-8.70000E-03,-84.40649E-03,+9.87476456E+00
-8.67500E-03,-84.40649E-03,+9.87476456E+00
-8.65000E-03,-85.19166E-03,+9.87476456E+00
-8.62500E-03,-85.97684E-03,+9.87476456E+00
-8.60000E-03,-85.97684E-03,+9.87476456E+00
-8.57500E-03,-86.76201E-03,+9.87476456E+00
-8.55000E-03,-86.76201E-03,+9.87476456E+00
-8.52500E-03,-87.54719E-03,+9.87476456E+00
-8.50000E-03,-87.54719E-03,+9.87476456E+00
-8.47500E-03,-87.54719E-03,+9.87476456E+00
-8.45000E-03,-88.33237E-03,+9.87476456E+00
-8.42500E-03,-89.11754E-03,+9.87476456E+00
-8.40000E-03,-87.54719E-03,+9.87476456E+00
-8.37500E-03,-88.33237E-03,+9.87476456E+00
-8.35000E-03,-88.33237E-03,+9.87476456E+00
-8.32500E-03,-89.11754E-03,+9.87476456E+00
-8.30000E-03,-89.11754E-03,+9.87476456E+00
-8.27500E-03,-88.33237E-03,+9.87476456E+00
-8.25000E-03,-89.11754E-03,+9.87476456E+00
-8.22500E-03,-89.11754E-03,+9.87476456E+00
-8.20000E-03,-89.11754E-03,+9.87476456E+00
-8.17500E-03,-89.11754E-03,+9.87476456E+00
-8.15000E-03,-89.11754E-03,+9.87476456E+00
-8.12500E-03,-89.11754E-03,+9.87476456E+00
-8.10000E-03,-89.11754E-03,+9.87476456E+00
-8.07500E-03,-89.11754E-03,+9.87476456E+00
-8.05000E-03,-89.11754E-03,+9.87476456E+00
-8.02500E-03,-89.11754E-03,+9.87476456E+00
-8.00000E-03,-89.90272E-03,+9.87476456E+00
-7.97500E-03,-89.90272E-03,+9.87476456E+00
-7.95000E-03,-89.11754E-03,+9.87476456E+00
-7.92500E-03,-89.90272E-03,+9.87476456E+00
-7.90000E-03,-89.90272E-03,+9.87476456E+00
-7.87500E-03,-89.90272E-03,+9.87476456E+00
-7.85000E-03,-89.90272E-03,+9.87476456E+00
-7.82500E-03,-89.11754E-03,+9.87476456E+00
-7.80000E-03,-89.90272E-03,+9.87476456E+00
-7.77500E-03,-89.11754E-03,+9.87476456E+00
-7.75000E-03,-89.11754E-03,+9.87476456E+00
-7.72500E-03,-89.11754E-03,+9.87476456E+00
-7.70000E-03,-89.90272E-03,+9.87476456E+00
-7.67500E-03,-89.90272E-03,+9.87476456E+00
-7.65000E-03,-89.11754E-03,+9.87476456E+00
-7.62500E-03,-89.90272E-03,+9.87476456E+00
-7.60000E-03,-89.11754E-03,+9.87476456E+00
-7.57500E-03,-89.11754E-03,+9.87476456E+00
-7.55000E-03,-89.11754E-03,+9.87476456E+00
-7.52500E-03,-89.90272E-03,+9.87476456E+00
-7.50000E-03,-89.90272E-03,+9.87476456E+00
-7.47500E-03,-89.90272E-03,+9.87476456E+00
-7.45000E-03,-89.11754E-03,+9.87476456E+00
-7.42500E-03,-89.90272E-03,+9.87476456E+00
-7.40000E-03,-89.90272E-03,+9.87476456E+00
-7.37500E-03,-89.11754E-03,+9.87476456E+00
-7.35000E-03,-89.90272E-03,+9.87476456E+00
-7.32500E-03,-89.90272E-03,+9.87476456E+00
-7.30000E-03,-89.90272E-03,+9.87476456E+00
-7.27500E-03,-89.90272E-03,+9.87476456E+00
-7.25000E-03,-89.90272E-03,+9.87476456E+00
-7.22500E-03,-89.90272E-03,+9.87476456E+00
-7.20000E-03,-89.90272E-03,+9.87476456E+00
-7.17500E-03,-89.90272E-03,+9.87476456E+00
-7.15000E-03,-89.11754E-03,+9.87476456E+00
-7.12500E-03,-89.11754E-03,+9.87476456E+00
-7.10000E-03,-89.90272E-03,+9.87476456E+00
-7.07500E-03,-89.11754E-03,+9.87476456E+00
-7.05000E-03,-89.90272E-03,+9.87476456E+00
-7.02500E-03,-89.11754E-03,+9.87476456E+00
-7.00000E-03,-89.90272E-03,+9.87476456E+00
-6.97500E-03,-89.11754E-03,+9.87476456E+00
-6.95000E-03,-89.11754E-03,+9.87476456E+00
-6.92500E-03,-89.90272E-03,+9.87476456E+00
-6.90000E-03,-89.11754E-03,+9.87476456E+00
-6.87500E-03,-89.11754E-03,+9.87476456E+00
-6.85000E-03,-89.90272E-03,+9.87476456E+00
-6.82500E-03,-89.11754E-03,+9.87476456E+00
-6.80000E-03,-89.90272E-03,+9.87397939E+00
-6.77500E-03,-89.90272E-03,+9.87476456E+00
-6.75000E-03,-89.90272E-03,+9.87476456E+00
-6.72500E-03,-89.90272E-03,+9.87397939E+00
-6.70000E-03,-89.11754E-03,+9.87476456E+00
-6.67500E-03,-89.90272E-03,+9.87476456E+00
-6.65000E-03,-89.11754E-03,+9.87476456E+00
-6.62500E-03,-89.90272E-03,+9.87476456E+00
-6.60000E-03,-89.11754E-03,+9.87476456E+00
-6.57500E-03,-89.11754E-03,+9.87476456E+00
-6.55000E-03,-89.90272E-03,+9.87476456E+00
-6.52500E-03,-90.68789E-03,+9.87476456E+00
-6.50000E-03,-89.90272E-03,+9.87476456E+00
-6.47500E-03,-89.11754E-03,+9.87476456E+00
-6.45000E-03,-89.11754E-03,+9.87476456E+00
-6.42500E-03,-89.90272E-03,+9.87476456E+00
-6.40000E-03,-89.90272E-03,+9.87476456E+00
-6.37500E-03,-89.11754E-03,+9.87476456E+00
-6.35000E-03,-89.11754E-03,+9.87476456E+00
-6.32500E-03,-89.11754E-03,+9.87476456E+00
-6.30000E-03,-89.11754E-03,+9.87476456E+00
-6.27500E-03,-89.11754E-03,+9.87476456E+00
-6.25000E-03,-89.11754E-03,+9.87476456E+00
-6.22500E-03,-89.90272E-03,+9.87476456E+00
-6.20000E-03,-89.90272E-03,+9.87476456E+00
-6.17500E-03,-89.90272E-03,+9.87476456E+00
-6.15000E-03,-89.11754E-03,+9.87476456E+00
-6.12500E-03,-89.90272E-03,+9.87476456E+00
-6.10000E-03,-89.11754E-03,+9.87476456E+00
-6.07500E-03,-89.11754E-03,+9.87476456E+00
-6.05000E-03,-89.11754E-03,+9.87476456E+00
-6.02500E-03,-89.11754E-03,+9.87476456E+00
-6.00000E-03,-89.90272E-03,+9.87476456E+00
-5.97500E-03,-89.90272E-03,+9.87476456E+00
-5.95000E-03,-89.11754E-03,+9.87476456E+00
-5.92500E-03,-89.11754E-03,+9.87476456E+00
-5.90000E-03,-89.11754E-03,+9.87476456E+00
-5.87500E-03,-89.11754E-03,+9.87476456E+00
-5.85000E-03,-89.11754E-03,+9.87476456E+00
-5.82500E-03,-89.90272E-03,+9.87476456E+00
-5.80000E-03,-89.90272E-03,+9.87476456E+00
-5.77500E-03,-89.11754E-03,+9.87476456E+00
-5.75000E-03,-89.90272E-03,+9.87476456E+00
-5.72500E-03,-89.11754E-03,+9.87476456E+00
-5.70000E-03,-89.11754E-03,+9.87397939E+00
-5.67500E-03,-89.11754E-03,+9.87476456E+00
-5.65000E-03,-89.90272E-03,+9.87476456E+00
-5.62500E-03,-89.90272E-03,+9.87476456E+00
-5.60000E-03,-89.11754E-03,+9.87476456E+00
-5.57500E-03,-89.90272E-03,+9.87476456E+00
-5.55000E-03,-89.90272E-03,+9.87476456E+00
-5.52500E-03,-89.11754E-03,+9.87476456E+00
-5.50000E-03,-89.11754E-03,+9.87476456E+00
-5.47500E-03,-89.90272E-03,+9.87476456E+00
-5.45000E-03,-89.90272E-03,+9.87476456E+00
-5.42500E-03,-89.11754E-03,+9.87476456E+00
-5.40000E-03,-89.11754E-03,+9.87476456E+00
-5.37500E-03,-89.90272E-03,+9.87476456E+00
-5.35000E-03,-89.11754E-03,+9.87476456E+00
-5.32500E-03,-89.11754E-03,+9.87476456E+00
-5.30000E-03,-89.11754E-03,+9.87476456E+00
-5.27500E-03,-89.11754E-03,+9.87476456E+00
-5.25000E-03,-89.11754E-03,+9.87476456E+00
-5.22500E-03,-89.90272E-03,+9.87476456E+00
-5.20000E-03,-89.90272E-03,+9.87476456E+00
-5.17500E-03,-89.90272E-03,+9.87476456E+00
-5.15000E-03,-89.90272E-03,+9.87476456E+00
-5.12500E-03,-89.90272E-03,+9.87397939E+00
-5.10000E-03,-89.90272E-03,+9.87476456E+00
-5.07500E-03,-89.11754E-03,+9.87476456E+00
-5.05000E-03,-89.90272E-03,+9.87476456E+00
-5.02500E-03,-89.11754E-03,+9.87476456E+00
-5.00000E-03,-8.38842665E+00,+1.36424314E+00
-4.97500E-03,-8.41983369E+00,+225.73811E-03
-4.95000E-03,-7.50039272E+00,+205.32353E-03
-4.92500E-03,-6.67360252E+00,+163.70921E-03
-4.90000E-03,-5.95673693E+00,+104.82102E-03
-4.87500E-03,-5.31446306E+00,+57.71047E-03
-4.85000E-03,-4.71537386E+00,+31.79966E-03
-4.82500E-03,-4.20186883E+00,+17.66650E-03
-4.80000E-03,-3.73861506E+00,+5.10368E-03
-4.77500E-03,-3.32953842E+00,-10.59984E-03
-4.75000E-03,-2.98563138E+00,-33.36994E-03
-4.72500E-03,-2.65978339E+00,-55.35486E-03
-4.70000E-03,-2.38340148E+00,-78.91014E-03
-4.67500E-03,-2.11330097E+00,-100.10989E-03
-4.65000E-03,-1.89188137E+00,-117.38376E-03
-4.62500E-03,-1.68459494E+00,-131.51692E-03
-4.60000E-03,-1.50321931E+00,-142.50938E-03
-4.57500E-03,-1.34696931E+00,-151.14632E-03
-4.55000E-03,-1.23861504E+00,-157.42773E-03
-4.52500E-03,-1.07765398E+00,-162.92396E-03
-4.50000E-03,-970.08488E-03,-164.49431E-03
-4.47500E-03,-869.58237E-03,-168.42019E-03
-4.45000E-03,-819.33111E-03,-173.13124E-03
-4.42500E-03,-707.83614E-03,-175.48677E-03
-4.40000E-03,-656.01453E-03,-175.48677E-03
-4.37500E-03,-612.82986E-03,-175.48677E-03
-4.35000E-03,-531.17156E-03,-175.48677E-03
-4.32500E-03,-477.77960E-03,-176.27195E-03
-4.30000E-03,-455.00950E-03,-176.27195E-03
-4.27500E-03,-435.38011E-03,-176.27195E-03
-4.25000E-03,-395.33614E-03,-176.27195E-03
-4.22500E-03,-348.22558E-03,-177.05712E-03
-4.20000E-03,-308.18161E-03,-177.84230E-03
-4.17500E-03,-281.48563E-03,-177.84230E-03
-4.15000E-03,-265.78212E-03,-178.62747E-03
-4.12500E-03,-261.07106E-03,-178.62747E-03
-4.10000E-03,-250.86377E-03,-180.19783E-03
-4.07500E-03,-244.58237E-03,-179.41265E-03
-4.05000E-03,-235.94543E-03,-180.19783E-03
-4.02500E-03,-224.16779E-03,-180.19783E-03
-4.00000E-03,-213.17533E-03,-181.76818E-03
-3.97500E-03,-200.61252E-03,-180.98300E-03
-3.95000E-03,-188.83488E-03,-180.98300E-03
-3.92500E-03,-178.62759E-03,-181.76818E-03
-3.90000E-03,-166.84995E-03,-181.76818E-03
-3.87500E-03,-157.42784E-03,-181.76818E-03
-3.85000E-03,-149.57608E-03,-181.76818E-03
-3.82500E-03,-141.72433E-03,-182.55335E-03
-3.80000E-03,-134.65774E-03,-182.55335E-03
-3.77500E-03,-129.16151E-03,-182.55335E-03
-3.75000E-03,-123.66528E-03,-182.55335E-03
-3.72500E-03,-120.52458E-03,-182.55335E-03
-3.70000E-03,-117.38387E-03,-182.55335E-03
-3.67500E-03,-113.45799E-03,-181.76818E-03
-3.65000E-03,-111.10247E-03,-182.55335E-03
-3.62500E-03,-107.96176E-03,-182.55335E-03
-3.60000E-03,-107.17659E-03,-181.76818E-03
-3.57500E-03,-105.60623E-03,-182.55335E-03
-3.55000E-03,-104.03588E-03,-182.55335E-03
-3.52500E-03,-101.68036E-03,-182.55335E-03
-3.50000E-03,-101.68036E-03,-182.55335E-03
-3.47500E-03,-101.68036E-03,-181.76818E-03
-3.45000E-03,-99.32483E-03,-182.55335E-03
-3.42500E-03,-98.53965E-03,-181.76818E-03
-3.40000E-03,-98.53965E-03,-181.76818E-03
-3.37500E-03,-97.75448E-03,-181.76818E-03
-3.35000E-03,-96.96930E-03,-181.76818E-03
-3.32500E-03,-95.39895E-03,-182.55335E-03
-3.30000E-03,-95.39895E-03,-181.76818E-03
-3.27500E-03,-94.61377E-03,-180.98300E-03
-3.25000E-03,-94.61377E-03,-181.76818E-03
-3.22500E-03,-94.61377E-03,-181.76818E-03
-3.20000E-03,-93.82860E-03,-181.76818E-03
-3.17500E-03,-93.04342E-03,-180.98300E-03
-3.15000E-03,-93.82860E-03,-180.98300E-03
-3.12500E-03,-93.82860E-03,-180.19783E-03
-3.10000E-03,-93.04342E-03,-180.98300E-03
-3.07500E-03,-93.04342E-03,-180.98300E-03
-3.05000E-03,-93.04342E-03,-180.98300E-03
-3.02500E-03,-93.04342E-03,-180.98300E-03
-3.00000E-03,-93.04342E-03,-180.19783E-03
-2.97500E-03,-93.04342E-03,-180.98300E-03
-2.95000E-03,-93.04342E-03,-180.98300E-03
-2.92500E-03,-92.25824E-03,-180.19783E-03
-2.90000E-03,-92.25824E-03,-180.19783E-03
-2.87500E-03,-92.25824E-03,-180.98300E-03
-2.85000E-03,-92.25824E-03,-180.98300E-03
-2.82500E-03,-93.04342E-03,-180.19783E-03
-2.80000E-03,-92.25824E-03,-180.19783E-03
-2.77500E-03,-92.25824E-03,-180.19783E-03
-2.75000E-03,-92.25824E-03,-180.19783E-03
-2.72500E-03,-92.25824E-03,-180.19783E-03
-2.70000E-03,-92.25824E-03,-180.19783E-03
-2.67500E-03,-92.25824E-03,-180.19783E-03
-2.65000E-03,-92.25824E-03,-180.19783E-03
-2.62500E-03,-91.47307E-03,-179.41265E-03
-2.60000E-03,-92.25824E-03,-179.41265E-03
-2.57500E-03,-92.25824E-03,-179.41265E-03
-2.55000E-03,-92.25824E-03,-180.19783E-03
-2.52500E-03,-91.47307E-03,-180.19783E-03
-2.50000E-03,-92.25824E-03,-180.19783E-03
-2.47500E-03,-92.25824E-03,-180.19783E-03
-2.45000E-03,-92.25824E-03,-180.19783E-03
-2.42500E-03,-92.25824E-03,-179.41265E-03
-2.40000E-03,-92.25824E-03,-179.41265E-03
-2.37500E-03,-93.04342E-03,-179.41265E-03
-2.35000E-03,-93.04342E-03,-180.19783E-03
-2.32500E-03,-93.04342E-03,-180.19783E-03
-2.30000E-03,-93.04342E-03,-180.19783E-03
-2.27500E-03,-93.04342E-03,-180.19783E-03
-2.25000E-03,-92.25824E-03,-180.19783E-03
-2.22500E-03,-92.25824E-03,-180.19783E-03
-2.20000E-03,-93.04342E-03,-180.19783E-03
-2.17500E-03,-92.25824E-03,-180.19783E-03
-2.15000E-03,-92.25824E-03,-180.19783E-03
-2.12500E-03,-92.25824E-03,-180.19783E-03
-2.10000E-03,-92.25824E-03,-180.19783E-03
-2.07500E-03,-93.04342E-03,-179.41265E-03
-2.05000E-03,-91.47307E-03,-179.41265E-03
-2.02500E-03,-93.04342E-03,-179.41265E-03
-2.00000E-03,-92.25824E-03,-179.41265E-03
-1.97500E-03,-93.04342E-03,-179.41265E-03
-1.95000E-03,-93.04342E-03,-179.41265E-03
-1.92500E-03,-93.04342E-03,-179.41265E-03
-1.90000E-03,-92.25824E-03,-180.19783E-03
-1.87500E-03,-92.25824E-03,-180.19783E-03
-1.85000E-03,-92.25824E-03,-180.19783E-03
-1.82500E-03,-92.25824E-03,-179.41265E-03
-1.80000E-03,-93.04342E-03,-180.19783E-03
-1.77500E-03,-92.25824E-03,-179.41265E-03
-1.75000E-03,-93.04342E-03,-180.19783E-03
-1.72500E-03,-93.82860E-03,-179.41265E-03
-1.70000E-03,-93.82860E-03,-180.19783E-03
-1.67500E-03,-93.04342E-03,-179.41265E-03
-1.65000E-03,-93.04342E-03,-179.41265E-03
-1.62500E-03,-93.04342E-03,-179.41265E-03
-1.60000E-03,-93.04342E-03,-179.41265E-03
-1.57500E-03,-92.25824E-03,-179.41265E-03
-1.55000E-03,-93.04342E-03,-180.19783E-03
-1.52500E-03,-93.04342E-03,-180.19783E-03
-1.50000E-03,-92.25824E-03,-179.41265E-03
-1.47500E-03,-92.25824E-03,-178.62747E-03
-1.45000E-03,-93.04342E-03,-179.41265E-03
-1.42500E-03,-93.04342E-03,-179.41265E-03
-1.40000E-03,-93.04342E-03,-179.41265E-03
-1.37500E-03,-93.82860E-03,-179.41265E-03
-1.35000E-03,-93.04342E-03,-179.41265E-03
-1.32500E-03,-92.25824E-03,-178.62747E-03
-1.30000E-03,-93.04342E-03,-179.41265E-03
-1.27500E-03,-93.04342E-03,-178.62747E-03
-1.25000E-03,-93.04342E-03,-179.41265E-03
-1.22500E-03,-93.04342E-03,-179.41265E-03
-1.20000E-03,-93.04342E-03,-179.41265E-03
-1.17500E-03,-93.04342E-03,-179.41265E-03
-1.15000E-03,-93.04342E-03,-179.41265E-03
-1.12500E-03,-93.04342E-03,-179.41265E-03
-1.10000E-03,-93.04342E-03,-179.41265E-03
-1.07500E-03,-93.04342E-03,-179.41265E-03
-1.05000E-03,-93.04342E-03,-179.41265E-03
-1.02500E-03,-93.04342E-03,-179.41265E-03
-1.00000E-03,-93.04342E-03,-179.41265E-03
-975.00E-06,-93.04342E-03,-179.41265E-03
-950.00E-06,-93.04342E-03,-179.41265E-03
-925.00E-06,-93.04342E-03,-179.41265E-03
-900.00E-06,-93.04342E-03,-178.62747E-03
-875.00E-06,-92.25824E-03,-179.41265E-03
-850.00E-06,-93.04342E-03,-179.41265E-03
-825.00E-06,-93.04342E-03,-179.41265E-03
-800.00E-06,-93.04342E-03,-179.41265E-03
-775.00E-06,-92.25824E-03,-179.41265E-03
-750.00E-06,-93.04342E-03,-178.62747E-03
-725.00E-06,-93.04342E-03,-180.19783E-03
-700.00E-06,-93.04342E-03,-180.19783E-03
-675.00E-06,-93.82860E-03,-179.41265E-03
-650.00E-06,-93.04342E-03,-179.41265E-03
-625.00E-06,-93.04342E-03,-179.41265E-03
-600.00E-06,-93.04342E-03,-179.41265E-03
-575.00E-06,-93.04342E-03,-179.41265E-03
-550.00E-06,-93.82860E-03,-179.41265E-03
-525.00E-06,-93.04342E-03,-179.41265E-03
-500.00E-06,-93.04342E-03,-179.41265E-03
-475.00E-06,-93.04342E-03,-179.41265E-03
-450.00E-06,-92.25824E-03,-179.41265E-03
-425.00E-06,-93.04342E-03,-179.41265E-03
-400.00E-06,-93.04342E-03,-178.62747E-03
-375.00E-06,-93.04342E-03,-179.41265E-03
-350.00E-06,-93.04342E-03,-179.41265E-03
-325.00E-06,-93.04342E-03,-179.41265E-03
-300.00E-06,-93.04342E-03,-179.41265E-03
-275.00E-06,-93.04342E-03,-178.62747E-03
-250.00E-06,-93.04342E-03,-179.41265E-03
-225.00E-06,-93.04342E-03,-179.41265E-03
-200.00E-06,-93.04342E-03,-179.41265E-03
-175.00E-06,-93.04342E-03,-179.41265E-03
-150.00E-06,-93.82860E-03,-179.41265E-03
-125.00E-06,-93.04342E-03,-179.41265E-03
-100.00E-06,-93.04342E-03,-179.41265E-03
-75.00E-06,-93.04342E-03,-179.41265E-03
-50.00E-06,-93.04342E-03,-179.41265E-03
-25.00E-06,-93.04342E-03,-178.62747E-03
+0.0E+00,+8.80064383E+00,+9.01028591E+00
+25.00E-06,+7.05912372E+00,+9.21678717E+00
+50.00E-06,+5.69448803E+00,+9.35183742E+00
+75.00E-06,+4.57953827E+00,+9.46333240E+00
+100.00E-06,+3.70249681E+00,+9.51044295E+00
+125.00E-06,+2.98013500E+00,+9.61408617E+00
+150.00E-06,+2.42030459E+00,+9.66355225E+00
+175.00E-06,+1.95940634E+00,+9.69652964E+00
+200.00E-06,+1.59665509E+00,+9.74599572E+00
+225.00E-06,+1.31713247E+00,+9.79232110E+00
+250.00E-06,+1.09257217E+00,+9.82529848E+00
+275.00E-06,+915.12242E-03,+9.84414270E+00
+300.00E-06,+744.73925E-03,+9.85356481E+00
+325.00E-06,+598.69653E-03,+9.86063140E+00
+350.00E-06,+531.17141E-03,+9.86220175E+00
+375.00E-06,+426.74302E-03,+9.86377210E+00
+400.00E-06,+354.50683E-03,+9.86848316E+00
+425.00E-06,+331.73673E-03,+9.87162386E+00
+450.00E-06,+280.70030E-03,+9.87397939E+00
+475.00E-06,+213.96035E-03,+9.87397939E+00
+500.00E-06,+169.20533E-03,+9.87397939E+00
+525.00E-06,+150.36110E-03,+9.87397939E+00
+550.00E-06,+137.79829E-03,+9.87397939E+00
+575.00E-06,+122.09477E-03,+9.87476456E+00
+600.00E-06,+95.39879E-03,+9.87476456E+00
+625.00E-06,+63.99176E-03,+9.87476456E+00
+650.00E-06,+34.15507E-03,+9.87476456E+00
+675.00E-06,+8.24427E-03,+9.87476456E+00
+700.00E-06,-12.17030E-03,+9.87476456E+00
+725.00E-06,-26.30347E-03,+9.87476456E+00
+750.00E-06,-37.29593E-03,+9.87476456E+00
+775.00E-06,-42.79216E-03,+9.87476456E+00
+800.00E-06,-49.85875E-03,+9.87476456E+00
+825.00E-06,-50.64392E-03,+9.87476456E+00
+850.00E-06,-52.99945E-03,+9.87554974E+00
+875.00E-06,-59.28086E-03,+9.87476456E+00
+900.00E-06,-62.42156E-03,+9.87476456E+00
+925.00E-06,-62.42156E-03,+9.87554974E+00
+950.00E-06,-63.20674E-03,+9.87554974E+00
+975.00E-06,-63.99191E-03,+9.87476456E+00
+1.00000E-03,-67.13262E-03,+9.87554974E+00
+1.02500E-03,-70.27332E-03,+9.87554974E+00
+1.05000E-03,-72.62885E-03,+9.87554974E+00
+1.07500E-03,-74.19920E-03,+9.87476456E+00
+1.10000E-03,-74.98438E-03,+9.87476456E+00
+1.12500E-03,-75.76955E-03,+9.87476456E+00
+1.15000E-03,-76.55473E-03,+9.87476456E+00
+1.17500E-03,-78.12508E-03,+9.87476456E+00
+1.20000E-03,-78.91025E-03,+9.87476456E+00
+1.22500E-03,-81.26578E-03,+9.87476456E+00
+1.25000E-03,-82.05096E-03,+9.87554974E+00
+1.27500E-03,-82.05096E-03,+9.87476456E+00
+1.30000E-03,-84.40649E-03,+9.87476456E+00
+1.32500E-03,-84.40649E-03,+9.87476456E+00
+1.35000E-03,-85.97684E-03,+9.87476456E+00
+1.37500E-03,-85.97684E-03,+9.87476456E+00
+1.40000E-03,-86.76201E-03,+9.87476456E+00
+1.42500E-03,-86.76201E-03,+9.87476456E+00
+1.45000E-03,-87.54719E-03,+9.87476456E+00
+1.47500E-03,-87.54719E-03,+9.87476456E+00
+1.50000E-03,-87.54719E-03,+9.87476456E+00
+1.52500E-03,-88.33237E-03,+9.87476456E+00
+1.55000E-03,-88.33237E-03,+9.87476456E+00
+1.57500E-03,-88.33237E-03,+9.87476456E+00
+1.60000E-03,-88.33237E-03,+9.87476456E+00
+1.62500E-03,-89.11754E-03,+9.87476456E+00
+1.65000E-03,-89.11754E-03,+9.87476456E+00
+1.67500E-03,-89.11754E-03,+9.87476456E+00
+1.70000E-03,-89.11754E-03,+9.87476456E+00
+1.72500E-03,-89.11754E-03,+9.87476456E+00
+1.75000E-03,-89.11754E-03,+9.87476456E+00
+1.77500E-03,-89.90272E-03,+9.87476456E+00
+1.80000E-03,-89.90272E-03,+9.87476456E+00
+1.82500E-03,-89.11754E-03,+9.87476456E+00
+1.85000E-03,-89.11754E-03,+9.87476456E+00
+1.87500E-03,-89.11754E-03,+9.87476456E+00
+1.90000E-03,-89.90272E-03,+9.87476456E+00
+1.92500E-03,-89.11754E-03,+9.87476456E+00
+1.95000E-03,-89.11754E-03,+9.87476456E+00
+1.97500E-03,-89.90272E-03,+9.87476456E+00
+2.00000E-03,-89.11754E-03,+9.87476456E+00
+2.02500E-03,-89.90272E-03,+9.87476456E+00
+2.05000E-03,-89.90272E-03,+9.87476456E+00
+2.07500E-03,-89.11754E-03,+9.87476456E+00
+2.10000E-03,-89.90272E-03,+9.87476456E+00
+2.12500E-03,-89.90272E-03,+9.87476456E+00
+2.15000E-03,-89.11754E-03,+9.87476456E+00
+2.17500E-03,-89.11754E-03,+9.87476456E+00
+2.20000E-03,-89.90272E-03,+9.87476456E+00
+2.22500E-03,-89.90272E-03,+9.87476456E+00
+2.25000E-03,-89.90272E-03,+9.87476456E+00
+2.27500E-03,-89.11754E-03,+9.87476456E+00
+2.30000E-03,-89.11754E-03,+9.87476456E+00
+2.32500E-03,-89.90272E-03,+9.87476456E+00
+2.35000E-03,-89.11754E-03,+9.87476456E+00
+2.37500E-03,-89.90272E-03,+9.87476456E+00
+2.40000E-03,-89.90272E-03,+9.87476456E+00
+2.42500E-03,-89.90272E-03,+9.87476456E+00
+2.45000E-03,-89.90272E-03,+9.87476456E+00
+2.47500E-03,-89.90272E-03,+9.87476456E+00
+2.50000E-03,-89.90272E-03,+9.87476456E+00
+2.52500E-03,-89.11754E-03,+9.87476456E+00
+2.55000E-03,-89.90272E-03,+9.87476456E+00
+2.57500E-03,-89.11754E-03,+9.87476456E+00
+2.60000E-03,-89.90272E-03,+9.87476456E+00
+2.62500E-03,-89.90272E-03,+9.87476456E+00
+2.65000E-03,-90.68789E-03,+9.87476456E+00
+2.67500E-03,-89.90272E-03,+9.87476456E+00
+2.70000E-03,-89.90272E-03,+9.87476456E+00
+2.72500E-03,-89.11754E-03,+9.87476456E+00
+2.75000E-03,-89.11754E-03,+9.87476456E+00
+2.77500E-03,-89.90272E-03,+9.87397939E+00
+2.80000E-03,-89.11754E-03,+9.87476456E+00
+2.82500E-03,-89.90272E-03,+9.87476456E+00
+2.85000E-03,-89.11754E-03,+9.87476456E+00
+2.87500E-03,-89.11754E-03,+9.87476456E+00
+2.90000E-03,-89.90272E-03,+9.87476456E+00
+2.92500E-03,-89.90272E-03,+9.87476456E+00
+2.95000E-03,-89.11754E-03,+9.87476456E+00
+2.97500E-03,-89.90272E-03,+9.87476456E+00
+3.00000E-03,-89.90272E-03,+9.87476456E+00
+3.02500E-03,-89.90272E-03,+9.87476456E+00
+3.05000E-03,-89.90272E-03,+9.87476456E+00
+3.07500E-03,-89.11754E-03,+9.87476456E+00
+3.10000E-03,-89.11754E-03,+9.87476456E+00
+3.12500E-03,-89.11754E-03,+9.87476456E+00
+3.15000E-03,-89.90272E-03,+9.87476456E+00
+3.17500E-03,-89.11754E-03,+9.87476456E+00
+3.20000E-03,-89.11754E-03,+9.87476456E+00
+3.22500E-03,-89.11754E-03,+9.87476456E+00
+3.25000E-03,-89.11754E-03,+9.87397939E+00
+3.27500E-03,-89.90272E-03,+9.87476456E+00
+3.30000E-03,-89.11754E-03,+9.87476456E+00
+3.32500E-03,-89.11754E-03,+9.87476456E+00
+3.35000E-03,-89.90272E-03,+9.87476456E+00
+3.37500E-03,-89.11754E-03,+9.87476456E+00
+3.40000E-03,-89.90272E-03,+9.87476456E+00
+3.42500E-03,-89.11754E-03,+9.87476456E+00
+3.45000E-03,-89.90272E-03,+9.87476456E+00
+3.47500E-03,-89.90272E-03,+9.87476456E+00
+3.50000E-03,-89.11754E-03,+9.87476456E+00
+3.52500E-03,-89.11754E-03,+9.87476456E+00
+3.55000E-03,-89.90272E-03,+9.87476456E+00
+3.57500E-03,-89.11754E-03,+9.87476456E+00
+3.60000E-03,-89.11754E-03,+9.87476456E+00
+3.62500E-03,-89.90272E-03,+9.87476456E+00
+3.65000E-03,-89.11754E-03,+9.87476456E+00
+3.67500E-03,-89.90272E-03,+9.87476456E+00
+3.70000E-03,-89.90272E-03,+9.87476456E+00
+3.72500E-03,-89.90272E-03,+9.87397939E+00
+3.75000E-03,-89.90272E-03,+9.87476456E+00
+3.77500E-03,-89.90272E-03,+9.87476456E+00
+3.80000E-03,-89.90272E-03,+9.87476456E+00
+3.82500E-03,-89.11754E-03,+9.87476456E+00
+3.85000E-03,-89.90272E-03,+9.87476456E+00
+3.87500E-03,-89.90272E-03,+9.87476456E+00
+3.90000E-03,-89.90272E-03,+9.87476456E+00
+3.92500E-03,-89.11754E-03,+9.87476456E+00
+3.95000E-03,-89.11754E-03,+9.87476456E+00
+3.97500E-03,-89.90272E-03,+9.87476456E+00
+4.00000E-03,-89.90272E-03,+9.87476456E+00
+4.02500E-03,-89.11754E-03,+9.87476456E+00
+4.05000E-03,-89.11754E-03,+9.87397939E+00
+4.07500E-03,-89.90272E-03,+9.87476456E+00
+4.10000E-03,-89.11754E-03,+9.87476456E+00
+4.12500E-03,-89.11754E-03,+9.87476456E+00
+4.15000E-03,-89.11754E-03,+9.87476456E+00
+4.17500E-03,-89.11754E-03,+9.87476456E+00
+4.20000E-03,-89.90272E-03,+9.87476456E+00
+4.22500E-03,-89.90272E-03,+9.87397939E+00
+4.25000E-03,-89.11754E-03,+9.87476456E+00
+4.27500E-03,-89.90272E-03,+9.87476456E+00
+4.30000E-03,-89.11754E-03,+9.87476456E+00
+4.32500E-03,-89.90272E-03,+9.87476456E+00
+4.35000E-03,-89.11754E-03,+9.87397939E+00
+4.37500E-03,-89.90272E-03,+9.87476456E+00
+4.40000E-03,-89.11754E-03,+9.87476456E+00
+4.42500E-03,-89.11754E-03,+9.87476456E+00
+4.45000E-03,-89.90272E-03,+9.87476456E+00
+4.47500E-03,-89.90272E-03,+9.87476456E+00
+4.50000E-03,-89.90272E-03,+9.87476456E+00
+4.52500E-03,-89.90272E-03,+9.87476456E+00
+4.55000E-03,-89.90272E-03,+9.87476456E+00
+4.57500E-03,-89.11754E-03,+9.87476456E+00
+4.60000E-03,-89.90272E-03,+9.87476456E+00
+4.62500E-03,-89.11754E-03,+9.87476456E+00
+4.65000E-03,-89.90272E-03,+9.87476456E+00
+4.67500E-03,-90.68789E-03,+9.87476456E+00
+4.70000E-03,-89.90272E-03,+9.87476456E+00
+4.72500E-03,-89.90272E-03,+9.87476456E+00
+4.75000E-03,-89.11754E-03,+9.87476456E+00
+4.77500E-03,-89.90272E-03,+9.87476456E+00
+4.80000E-03,-89.90272E-03,+9.87476456E+00
+4.82500E-03,-89.90272E-03,+9.87476456E+00
+4.85000E-03,-89.11754E-03,+9.87476456E+00
+4.87500E-03,-89.11754E-03,+9.87476456E+00
+4.90000E-03,-89.90272E-03,+9.87476456E+00
+4.92500E-03,-89.90272E-03,+9.87476456E+00
+4.95000E-03,-89.11754E-03,+9.87476456E+00
+4.97500E-03,-89.11754E-03,+9.87476456E+00
+5.00000E-03,-8.47244047E+00,+1.27630344E+00
+5.02500E-03,-8.41747816E+00,+225.73811E-03
+5.05000E-03,-7.49725202E+00,+205.32353E-03
+5.07500E-03,-6.67124699E+00,+164.49439E-03
+5.10000E-03,-5.95516658E+00,+104.82102E-03
+5.12500E-03,-5.31289271E+00,+57.71047E-03
+5.15000E-03,-4.71380351E+00,+31.01449E-03
+5.17500E-03,-4.20029848E+00,+16.09614E-03
+5.20000E-03,-3.73782988E+00,+5.10368E-03
+5.22500E-03,-3.32796807E+00,-10.59984E-03
+5.25000E-03,-2.98406103E+00,-32.58476E-03
+5.27500E-03,-2.65899821E+00,-55.35486E-03
+5.30000E-03,-2.38183113E+00,-78.12496E-03
+5.32500E-03,-2.11330097E+00,-100.10989E-03
+5.35000E-03,-1.89109620E+00,-117.38376E-03
+5.37500E-03,-1.68459494E+00,-131.51692E-03
+5.40000E-03,-1.50321931E+00,-142.50938E-03
+5.42500E-03,-1.34618413E+00,-151.14632E-03
+5.45000E-03,-1.23861504E+00,-158.99808E-03
+5.47500E-03,-1.07765398E+00,-162.13878E-03
+5.50000E-03,-971.65524E-03,-165.27948E-03
+5.52500E-03,-869.58237E-03,-168.42019E-03
+5.55000E-03,-818.54594E-03,-173.13124E-03
+5.57500E-03,-707.83614E-03,-174.70160E-03
+5.60000E-03,-656.79971E-03,-175.48677E-03
+5.62500E-03,-612.82986E-03,-176.27195E-03
+5.65000E-03,-531.95674E-03,-175.48677E-03
+5.67500E-03,-477.77960E-03,-175.48677E-03
+5.70000E-03,-455.00950E-03,-176.27195E-03
+5.72500E-03,-435.38011E-03,-176.27195E-03
+5.75000E-03,-396.12131E-03,-177.05712E-03
+5.77500E-03,-348.22558E-03,-177.05712E-03
+5.80000E-03,-307.39644E-03,-177.05712E-03
+5.82500E-03,-281.48563E-03,-177.84230E-03
+5.85000E-03,-265.78212E-03,-178.62747E-03
+5.87500E-03,-260.28588E-03,-179.41265E-03
+5.90000E-03,-250.86377E-03,-179.41265E-03
+5.92500E-03,-244.58237E-03,-180.19783E-03
+5.95000E-03,-235.94543E-03,-180.98300E-03
+5.97500E-03,-224.16779E-03,-181.76818E-03
+6.00000E-03,-211.60498E-03,-180.98300E-03
+6.02500E-03,-200.61252E-03,-181.76818E-03
+6.05000E-03,-188.83488E-03,-182.55335E-03
+6.07500E-03,-177.05724E-03,-181.76818E-03
+6.10000E-03,-166.06478E-03,-181.76818E-03
+6.12500E-03,-157.42784E-03,-182.55335E-03
+6.15000E-03,-149.57608E-03,-182.55335E-03
+6.17500E-03,-143.29468E-03,-182.55335E-03
+6.20000E-03,-135.44292E-03,-182.55335E-03
+6.22500E-03,-129.16151E-03,-183.33853E-03
+6.25000E-03,-125.23563E-03,-182.55335E-03
+6.27500E-03,-121.30975E-03,-183.33853E-03
+6.30000E-03,-117.38387E-03,-183.33853E-03
+6.32500E-03,-113.45799E-03,-182.55335E-03
+6.35000E-03,-111.88764E-03,-182.55335E-03
+6.37500E-03,-108.74694E-03,-182.55335E-03
+6.40000E-03,-106.39141E-03,-182.55335E-03
+6.42500E-03,-105.60623E-03,-181.76818E-03
+6.45000E-03,-104.03588E-03,-183.33853E-03
+6.47500E-03,-101.68036E-03,-182.55335E-03
+6.50000E-03,-101.68036E-03,-182.55335E-03
+6.52500E-03,-100.89518E-03,-180.98300E-03
+6.55000E-03,-99.32483E-03,-181.76818E-03
+6.57500E-03,-99.32483E-03,-181.76818E-03
+6.60000E-03,-98.53965E-03,-181.76818E-03
+6.62500E-03,-96.96930E-03,-181.76818E-03
+6.65000E-03,-96.96930E-03,-181.76818E-03
+6.67500E-03,-96.18412E-03,-181.76818E-03
+6.70000E-03,-96.18412E-03,-180.98300E-03
+6.72500E-03,-95.39895E-03,-181.76818E-03
+6.75000E-03,-95.39895E-03,-181.76818E-03
+6.77500E-03,-95.39895E-03,-180.98300E-03
+6.80000E-03,-94.61377E-03,-181.76818E-03
+6.82500E-03,-94.61377E-03,-180.98300E-03
+6.85000E-03,-93.82860E-03,-180.98300E-03
+6.87500E-03,-93.82860E-03,-180.98300E-03
+6.90000E-03,-93.82860E-03,-180.98300E-03
+6.92500E-03,-93.82860E-03,-180.98300E-03
+6.95000E-03,-93.04342E-03,-180.19783E-03
+6.97500E-03,-93.82860E-03,-180.98300E-03
+7.00000E-03,-93.04342E-03,-180.98300E-03
+7.02500E-03,-93.04342E-03,-180.98300E-03
+7.05000E-03,-93.04342E-03,-180.98300E-03
+7.07500E-03,-93.04342E-03,-180.98300E-03
+7.10000E-03,-93.82860E-03,-180.98300E-03
+7.12500E-03,-93.82860E-03,-180.98300E-03
+7.15000E-03,-93.04342E-03,-180.98300E-03
+7.17500E-03,-93.04342E-03,-180.98300E-03
+7.20000E-03,-93.04342E-03,-180.98300E-03
+7.22500E-03,-93.04342E-03,-180.19783E-03
+7.25000E-03,-93.04342E-03,-180.19783E-03
+7.27500E-03,-93.04342E-03,-179.41265E-03
+7.30000E-03,-93.82860E-03,-180.19783E-03
+7.32500E-03,-93.04342E-03,-179.41265E-03
+7.35000E-03,-93.82860E-03,-180.19783E-03
+7.37500E-03,-93.04342E-03,-180.19783E-03
+7.40000E-03,-93.04342E-03,-180.19783E-03
+7.42500E-03,-93.82860E-03,-180.19783E-03
+7.45000E-03,-93.04342E-03,-180.19783E-03
+7.47500E-03,-93.04342E-03,-180.19783E-03
+7.50000E-03,-93.82860E-03,-180.19783E-03
+7.52500E-03,-93.04342E-03,-180.19783E-03
+7.55000E-03,-93.04342E-03,-180.19783E-03
+7.57500E-03,-93.04342E-03,-179.41265E-03
+7.60000E-03,-93.04342E-03,-179.41265E-03
+7.62500E-03,-93.04342E-03,-180.19783E-03
+7.65000E-03,-93.04342E-03,-180.19783E-03
+7.67500E-03,-93.04342E-03,-180.19783E-03
+7.70000E-03,-93.04342E-03,-179.41265E-03
+7.72500E-03,-93.04342E-03,-179.41265E-03
+7.75000E-03,-93.04342E-03,-180.19783E-03
+7.77500E-03,-93.04342E-03,-180.19783E-03
+7.80000E-03,-93.04342E-03,-180.19783E-03
+7.82500E-03,-93.04342E-03,-179.41265E-03
+7.85000E-03,-93.82860E-03,-179.41265E-03
+7.87500E-03,-93.04342E-03,-180.19783E-03
+7.90000E-03,-93.04342E-03,-180.19783E-03
+7.92500E-03,-93.04342E-03,-179.41265E-03
+7.95000E-03,-93.04342E-03,-179.41265E-03
+7.97500E-03,-93.04342E-03,-180.19783E-03
+8.00000E-03,-93.82860E-03,-179.41265E-03
+8.02500E-03,-93.04342E-03,-179.41265E-03
+8.05000E-03,-93.82860E-03,-179.41265E-03
+8.07500E-03,-93.04342E-03,-179.41265E-03
+8.10000E-03,-92.25824E-03,-180.19783E-03
+8.12500E-03,-93.04342E-03,-179.41265E-03
+8.15000E-03,-93.04342E-03,-179.41265E-03
+8.17500E-03,-93.04342E-03,-179.41265E-03
+8.20000E-03,-93.04342E-03,-179.41265E-03
+8.22500E-03,-93.04342E-03,-178.62747E-03
+8.25000E-03,-93.04342E-03,-180.19783E-03
+8.27500E-03,-93.04342E-03,-180.19783E-03
+8.30000E-03,-93.04342E-03,-179.41265E-03
+8.32500E-03,-93.04342E-03,-179.41265E-03
+8.35000E-03,-93.04342E-03,-179.41265E-03
+8.37500E-03,-93.04342E-03,-178.62747E-03
+8.40000E-03,-92.25824E-03,-179.41265E-03
+8.42500E-03,-92.25824E-03,-180.19783E-03
+8.45000E-03,-93.04342E-03,-180.19783E-03
+8.47500E-03,-93.04342E-03,-179.41265E-03
+8.50000E-03,-92.25824E-03,-178.62747E-03
+8.52500E-03,-93.04342E-03,-179.41265E-03
+8.55000E-03,-93.04342E-03,-179.41265E-03
+8.57500E-03,-93.04342E-03,-179.41265E-03
+8.60000E-03,-93.04342E-03,-179.41265E-03
+8.62500E-03,-93.04342E-03,-179.41265E-03
+8.65000E-03,-93.04342E-03,-178.62747E-03
+8.67500E-03,-93.04342E-03,-179.41265E-03
+8.70000E-03,-93.82860E-03,-179.41265E-03
+8.72500E-03,-93.04342E-03,-178.62747E-03
+8.75000E-03,-93.04342E-03,-179.41265E-03
+8.77500E-03,-93.04342E-03,-179.41265E-03
+8.80000E-03,-92.25824E-03,-178.62747E-03
+8.82500E-03,-93.04342E-03,-179.41265E-03
+8.85000E-03,-93.04342E-03,-178.62747E-03
+8.87500E-03,-92.25824E-03,-178.62747E-03
+8.90000E-03,-93.04342E-03,-178.62747E-03
+8.92500E-03,-93.04342E-03,-179.41265E-03
+8.95000E-03,-92.25824E-03,-178.62747E-03
+8.97500E-03,-93.04342E-03,-178.62747E-03
+9.00000E-03,-92.25824E-03,-178.62747E-03
+9.02500E-03,-93.04342E-03,-178.62747E-03
+9.05000E-03,-93.04342E-03,-178.62747E-03
+9.07500E-03,-93.04342E-03,-178.62747E-03
+9.10000E-03,-93.82860E-03,-178.62747E-03
+9.12500E-03,-93.04342E-03,-178.62747E-03
+9.15000E-03,-93.82860E-03,-179.41265E-03
+9.17500E-03,-94.61377E-03,-178.62747E-03
+9.20000E-03,-93.82860E-03,-179.41265E-03
+9.22500E-03,-93.82860E-03,-179.41265E-03
+9.25000E-03,-93.82860E-03,-179.41265E-03
+9.27500E-03,-93.04342E-03,-179.41265E-03
+9.30000E-03,-93.04342E-03,-178.62747E-03
+9.32500E-03,-93.04342E-03,-179.41265E-03
+9.35000E-03,-93.82860E-03,-179.41265E-03
+9.37500E-03,-93.04342E-03,-178.62747E-03
+9.40000E-03,-93.04342E-03,-178.62747E-03
+9.42500E-03,-93.82860E-03,-179.41265E-03
+9.45000E-03,-93.04342E-03,-178.62747E-03
+9.47500E-03,-93.04342E-03,-179.41265E-03
+9.50000E-03,-93.04342E-03,-178.62747E-03
+9.52500E-03,-93.04342E-03,-179.41265E-03
+9.55000E-03,-93.82860E-03,-178.62747E-03
+9.57500E-03,-93.04342E-03,-179.41265E-03
+9.60000E-03,-93.04342E-03,-179.41265E-03
+9.62500E-03,-93.04342E-03,-179.41265E-03
+9.65000E-03,-93.04342E-03,-179.41265E-03
+9.67500E-03,-93.82860E-03,-179.41265E-03
+9.70000E-03,-93.04342E-03,-179.41265E-03
+9.72500E-03,-93.82860E-03,-179.41265E-03
+9.75000E-03,-93.04342E-03,-178.62747E-03
+9.77500E-03,-93.04342E-03,-178.62747E-03
+9.80000E-03,-93.04342E-03,-180.19783E-03
+9.82500E-03,-93.82860E-03,-179.41265E-03
+9.85000E-03,-93.04342E-03,-178.62747E-03
+9.87500E-03,-93.04342E-03,-179.41265E-03
+9.90000E-03,-93.04342E-03,-179.41265E-03
+9.92500E-03,-93.04342E-03,-178.62747E-03
+9.95000E-03,-93.04342E-03,-179.41265E-03
+9.97500E-03,-93.82860E-03,-179.41265E-03
+10.00000E-03,+8.80535489E+00,+9.01892285E+00
+10.02500E-03,+7.05598302E+00,+9.21757235E+00
+10.05000E-03,+5.69213250E+00,+9.35262260E+00
+10.07500E-03,+4.57639757E+00,+9.46254722E+00
+10.10000E-03,+3.70014128E+00,+9.51044295E+00
+10.12500E-03,+2.97934982E+00,+9.61487135E+00
+10.15000E-03,+2.41951941E+00,+9.66355225E+00
+10.17500E-03,+1.95940634E+00,+9.69731481E+00
+10.20000E-03,+1.59665509E+00,+9.74599572E+00
+10.22500E-03,+1.31634729E+00,+9.79310627E+00
+10.25000E-03,+1.09178699E+00,+9.82529848E+00
+10.27500E-03,+915.12242E-03,+9.84414270E+00
+10.30000E-03,+743.95407E-03,+9.85513517E+00
+10.32500E-03,+597.91136E-03,+9.86141657E+00
+10.35000E-03,+531.17141E-03,+9.86220175E+00
+10.37500E-03,+426.74302E-03,+9.86455728E+00
+10.40000E-03,+353.72166E-03,+9.86926833E+00
+10.42500E-03,+332.52191E-03,+9.87240904E+00
+10.45000E-03,+281.48548E-03,+9.87397939E+00
+10.47500E-03,+213.17517E-03,+9.87397939E+00
+10.50000E-03,+168.42015E-03,+9.87397939E+00
+10.52500E-03,+150.36110E-03,+9.87397939E+00
+10.55000E-03,+137.79829E-03,+9.87397939E+00
+10.57500E-03,+121.30960E-03,+9.87397939E+00
+10.60000E-03,+96.18397E-03,+9.87476456E+00
+10.62500E-03,+63.99176E-03,+9.87397939E+00
+10.65000E-03,+33.36990E-03,+9.87476456E+00
+10.67500E-03,+6.67392E-03,+9.87476456E+00
+10.70000E-03,-12.95548E-03,+9.87476456E+00
+10.72500E-03,-27.08865E-03,+9.87476456E+00
+10.75000E-03,-37.29593E-03,+9.87476456E+00
+10.77500E-03,-44.36252E-03,+9.87476456E+00
+10.80000E-03,-49.85875E-03,+9.87476456E+00
+10.82500E-03,-50.64392E-03,+9.87476456E+00
+10.85000E-03,-52.99945E-03,+9.87554974E+00
+10.87500E-03,-59.28086E-03,+9.87476456E+00
+10.90000E-03,-62.42156E-03,+9.87476456E+00
+10.92500E-03,-63.20674E-03,+9.87476456E+00
+10.95000E-03,-63.20674E-03,+9.87476456E+00
+10.97500E-03,-63.99191E-03,+9.87476456E+00
+11.00000E-03,-67.13262E-03,+9.87476456E+00
+11.02500E-03,-71.05850E-03,+9.87554974E+00
+11.05000E-03,-73.41402E-03,+9.87476456E+00
+11.07500E-03,-74.19920E-03,+9.87554974E+00
+11.10000E-03,-74.98438E-03,+9.87554974E+00
+11.12500E-03,-75.76955E-03,+9.87554974E+00
+11.15000E-03,-77.33990E-03,+9.87476456E+00
+11.17500E-03,-78.12508E-03,+9.87476456E+00
+11.20000E-03,-79.69543E-03,+9.87476456E+00
+11.22500E-03,-80.48061E-03,+9.87476456E+00
+11.25000E-03,-82.05096E-03,+9.87476456E+00
+11.27500E-03,-82.83613E-03,+9.87476456E+00
+11.30000E-03,-84.40649E-03,+9.87476456E+00
+11.32500E-03,-84.40649E-03,+9.87476456E+00
+11.35000E-03,-85.19166E-03,+9.87476456E+00
+11.37500E-03,-85.97684E-03,+9.87476456E+00
+11.40000E-03,-85.97684E-03,+9.87476456E+00
+11.42500E-03,-86.76201E-03,+9.87476456E+00
+11.45000E-03,-86.76201E-03,+9.87476456E+00
+11.47500E-03,-86.76201E-03,+9.87476456E+00
+11.50000E-03,-87.54719E-03,+9.87476456E+00
+11.52500E-03,-87.54719E-03,+9.87476456E+00
+11.55000E-03,-88.33237E-03,+9.87476456E+00
+11.57500E-03,-89.11754E-03,+9.87476456E+00
+11.60000E-03,-88.33237E-03,+9.87476456E+00
+11.62500E-03,-88.33237E-03,+9.87476456E+00
+11.65000E-03,-89.11754E-03,+9.87476456E+00
+11.67500E-03,-89.11754E-03,+9.87476456E+00
+11.70000E-03,-89.11754E-03,+9.87476456E+00
+11.72500E-03,-89.11754E-03,+9.87476456E+00
+11.75000E-03,-89.11754E-03,+9.87476456E+00
+11.77500E-03,-89.11754E-03,+9.87476456E+00
+11.80000E-03,-89.90272E-03,+9.87476456E+00
+11.82500E-03,-89.90272E-03,+9.87476456E+00
+11.85000E-03,-89.11754E-03,+9.87476456E+00
+11.87500E-03,-89.11754E-03,+9.87476456E+00
+11.90000E-03,-89.11754E-03,+9.87476456E+00
+11.92500E-03,-89.90272E-03,+9.87476456E+00
+11.95000E-03,-89.90272E-03,+9.87476456E+00
+11.97500E-03,-89.90272E-03,+9.87476456E+00
+12.00000E-03,-89.90272E-03,+9.87476456E+00
+12.02500E-03,-89.11754E-03,+9.87476456E+00
+12.05000E-03,-89.90272E-03,+9.87476456E+00
+12.07500E-03,-89.90272E-03,+9.87476456E+00
+12.10000E-03,-89.90272E-03,+9.87476456E+00
+12.12500E-03,-89.90272E-03,+9.87476456E+00
+12.15000E-03,-89.90272E-03,+9.87476456E+00
+12.17500E-03,-89.90272E-03,+9.87476456E+00
+12.20000E-03,-90.68789E-03,+9.87476456E+00
+12.22500E-03,-89.90272E-03,+9.87476456E+00
+12.25000E-03,-89.11754E-03,+9.87476456E+00
+12.27500E-03,-89.11754E-03,+9.87476456E+00
+12.30000E-03,-89.11754E-03,+9.87476456E+00
+12.32500E-03,-89.11754E-03,+9.87476456E+00
+12.35000E-03,-89.90272E-03,+9.87476456E+00
+12.37500E-03,-89.90272E-03,+9.87476456E+00
+12.40000E-03,-89.90272E-03,+9.87476456E+00
+12.42500E-03,-89.11754E-03,+9.87476456E+00
+12.45000E-03,-89.90272E-03,+9.87476456E+00
+12.47500E-03,-89.11754E-03,+9.87476456E+00
+12.50000E-03,-89.90272E-03,+9.87476456E+00
+12.52500E-03,-89.11754E-03,+9.87476456E+00
+12.55000E-03,-89.11754E-03,+9.87476456E+00
+12.57500E-03,-89.90272E-03,+9.87476456E+00
+12.60000E-03,-89.90272E-03,+9.87476456E+00
+12.62500E-03,-89.90272E-03,+9.87476456E+00
+12.65000E-03,-89.90272E-03,+9.87476456E+00
+12.67500E-03,-89.11754E-03,+9.87476456E+00
+12.70000E-03,-89.90272E-03,+9.87476456E+00
+12.72500E-03,-89.11754E-03,+9.87476456E+00
+12.75000E-03,-89.90272E-03,+9.87476456E+00
+12.77500E-03,-89.90272E-03,+9.87476456E+00
+12.80000E-03,-89.90272E-03,+9.87476456E+00
+12.82500E-03,-89.11754E-03,+9.87476456E+00
+12.85000E-03,-89.11754E-03,+9.87476456E+00
+12.87500E-03,-89.11754E-03,+9.87476456E+00
+12.90000E-03,-89.11754E-03,+9.87476456E+00
+12.92500E-03,-89.11754E-03,+9.87476456E+00
+12.95000E-03,-89.11754E-03,+9.87476456E+00
+12.97500E-03,-89.11754E-03,+9.87476456E+00
+13.00000E-03,-89.11754E-03,+9.87476456E+00
+13.02500E-03,-89.11754E-03,+9.87476456E+00
+13.05000E-03,-89.11754E-03,+9.87476456E+00
+13.07500E-03,-89.11754E-03,+9.87476456E+00
+13.10000E-03,-89.90272E-03,+9.87476456E+00
+13.12500E-03,-89.90272E-03,+9.87476456E+00
+13.15000E-03,-89.11754E-03,+9.87476456E+00
+13.17500E-03,-89.11754E-03,+9.87476456E+00
+13.20000E-03,-89.11754E-03,+9.87476456E+00
+13.22500E-03,-89.11754E-03,+9.87476456E+00
+13.25000E-03,-89.11754E-03,+9.87476456E+00
+13.27500E-03,-89.90272E-03,+9.87476456E+00
+13.30000E-03,-89.90272E-03,+9.87476456E+00
+13.32500E-03,-89.90272E-03,+9.87476456E+00
+13.35000E-03,-89.11754E-03,+9.87476456E+00
+13.37500E-03,-89.11754E-03,+9.87476456E+00
+13.40000E-03,-89.11754E-03,+9.87476456E+00
+13.42500E-03,-89.90272E-03,+9.87476456E+00
+13.45000E-03,-89.11754E-03,+9.87476456E+00
+13.47500E-03,-89.11754E-03,+9.87476456E+00
+13.50000E-03,-89.90272E-03,+9.87476456E+00
+13.52500E-03,-89.90272E-03,+9.87476456E+00
+13.55000E-03,-89.11754E-03,+9.87476456E+00
+13.57500E-03,-89.11754E-03,+9.87476456E+00
+13.60000E-03,-89.11754E-03,+9.87476456E+00
+13.62500E-03,-89.11754E-03,+9.87476456E+00
+13.65000E-03,-89.11754E-03,+9.87476456E+00
+13.67500E-03,-89.11754E-03,+9.87476456E+00
+13.70000E-03,-89.11754E-03,+9.87476456E+00
+13.72500E-03,-89.11754E-03,+9.87476456E+00
+13.75000E-03,-89.11754E-03,+9.87476456E+00
+13.77500E-03,-89.11754E-03,+9.87476456E+00
+13.80000E-03,-89.11754E-03,+9.87476456E+00
+13.82500E-03,-89.90272E-03,+9.87476456E+00
+13.85000E-03,-89.11754E-03,+9.87476456E+00
+13.87500E-03,-89.11754E-03,+9.87476456E+00
+13.90000E-03,-89.11754E-03,+9.87476456E+00
+13.92500E-03,-89.11754E-03,+9.87476456E+00
+13.95000E-03,-89.11754E-03,+9.87476456E+00
+13.97500E-03,-89.90272E-03,+9.87476456E+00
+14.00000E-03,-89.90272E-03,+9.87476456E+00
+14.02500E-03,-89.90272E-03,+9.87476456E+00
+14.05000E-03,-89.90272E-03,+9.87476456E+00
+14.07500E-03,-89.90272E-03,+9.87476456E+00
+14.10000E-03,-89.90272E-03,+9.87476456E+00
+14.12500E-03,-89.90272E-03,+9.87476456E+00
+14.15000E-03,-89.11754E-03,+9.87476456E+00
+14.17500E-03,-89.11754E-03,+9.87476456E+00
+14.20000E-03,-89.11754E-03,+9.87476456E+00
+14.22500E-03,-89.11754E-03,+9.87476456E+00
+14.25000E-03,-89.11754E-03,+9.87476456E+00
+14.27500E-03,-89.11754E-03,+9.87476456E+00
+14.30000E-03,-89.11754E-03,+9.87476456E+00
+14.32500E-03,-88.33237E-03,+9.87476456E+00
+14.35000E-03,-89.11754E-03,+9.87476456E+00
+14.37500E-03,-89.11754E-03,+9.87476456E+00
+14.40000E-03,-89.11754E-03,+9.87476456E+00
+14.42500E-03,-89.90272E-03,+9.87476456E+00
+14.45000E-03,-89.11754E-03,+9.87476456E+00
+14.47500E-03,-89.90272E-03,+9.87476456E+00
+14.50000E-03,-89.90272E-03,+9.87476456E+00
+14.52500E-03,-89.11754E-03,+9.87476456E+00
+14.55000E-03,-89.11754E-03,+9.87476456E+00
+14.57500E-03,-89.90272E-03,+9.87476456E+00
+14.60000E-03,-89.11754E-03,+9.87476456E+00
+14.62500E-03,-89.11754E-03,+9.87476456E+00
+14.65000E-03,-89.11754E-03,+9.87476456E+00
+14.67500E-03,-89.90272E-03,+9.87476456E+00
+14.70000E-03,-89.90272E-03,+9.87476456E+00
+14.72500E-03,-89.11754E-03,+9.87476456E+00
+14.75000E-03,-89.11754E-03,+9.87476456E+00
+14.77500E-03,-89.90272E-03,+9.87476456E+00
+14.80000E-03,-89.90272E-03,+9.87476456E+00
+14.82500E-03,-89.11754E-03,+9.87476456E+00
+14.85000E-03,-89.11754E-03,+9.87476456E+00
+14.87500E-03,-89.11754E-03,+9.87476456E+00
+14.90000E-03,-89.11754E-03,+9.87476456E+00
+14.92500E-03,-89.90272E-03,+9.87476456E+00
+14.95000E-03,-89.11754E-03,+9.87397939E+00
+14.97500E-03,-89.11754E-03,+9.87476456E+00
+15.00000E-03,-8.54467665E+00,+1.20171173E+00
+15.02500E-03,-8.41590781E+00,+225.73811E-03
+15.05000E-03,-7.49646685E+00,+205.32353E-03
+15.07500E-03,-6.67046181E+00,+163.70921E-03
+15.10000E-03,-5.95359623E+00,+105.60620E-03
+15.12500E-03,-5.31132236E+00,+57.71047E-03
+15.15000E-03,-4.71301833E+00,+31.79966E-03
+15.17500E-03,-4.19872813E+00,+16.88132E-03
+15.20000E-03,-3.73704471E+00,+5.10368E-03
+15.22500E-03,-3.32796807E+00,-10.59984E-03
+15.25000E-03,-2.98406103E+00,-32.58476E-03
+15.27500E-03,-2.65899821E+00,-55.35486E-03
+15.30000E-03,-2.38183113E+00,-78.12496E-03
+15.32500E-03,-2.11251580E+00,-100.10989E-03
+15.35000E-03,-1.89031102E+00,-117.38376E-03
+15.37500E-03,-1.68380976E+00,-131.51692E-03
+15.40000E-03,-1.50243414E+00,-141.72421E-03
+15.42500E-03,-1.34618413E+00,-151.14632E-03
+15.45000E-03,-1.23782986E+00,-158.21290E-03
+15.47500E-03,-1.07843916E+00,-162.92396E-03
+15.50000E-03,-970.08488E-03,-164.49431E-03
+15.52500E-03,-869.58237E-03,-169.20536E-03
+15.55000E-03,-819.33111E-03,-173.13124E-03
+15.57500E-03,-707.83614E-03,-174.70160E-03
+15.60000E-03,-656.01453E-03,-175.48677E-03
+15.62500E-03,-611.25951E-03,-175.48677E-03
+15.65000E-03,-531.17156E-03,-175.48677E-03
+15.67500E-03,-476.99443E-03,-175.48677E-03
+15.70000E-03,-454.22433E-03,-176.27195E-03
+15.72500E-03,-436.16528E-03,-176.27195E-03
+15.75000E-03,-395.33614E-03,-176.27195E-03
+15.77500E-03,-348.22558E-03,-177.05712E-03
+15.80000E-03,-307.39644E-03,-177.05712E-03
+15.82500E-03,-281.48563E-03,-177.84230E-03
+15.85000E-03,-265.78212E-03,-178.62747E-03
+15.87500E-03,-261.07106E-03,-178.62747E-03
+15.90000E-03,-251.64895E-03,-179.41265E-03
+15.92500E-03,-243.79719E-03,-180.19783E-03
+15.95000E-03,-236.73061E-03,-180.19783E-03
+15.97500E-03,-224.16779E-03,-180.19783E-03
+16.00000E-03,-212.39016E-03,-180.98300E-03
+16.02500E-03,-199.82734E-03,-180.98300E-03
+16.05000E-03,-188.04970E-03,-181.76818E-03
+16.07500E-03,-177.05724E-03,-180.98300E-03
+16.10000E-03,-166.84995E-03,-181.76818E-03
+16.12500E-03,-156.64267E-03,-182.55335E-03
+16.15000E-03,-149.57608E-03,-181.76818E-03
+16.17500E-03,-141.72433E-03,-181.76818E-03
+16.20000E-03,-137.01327E-03,-182.55335E-03
+16.22500E-03,-129.94669E-03,-182.55335E-03
+16.25000E-03,-125.23563E-03,-181.76818E-03
+16.27500E-03,-120.52458E-03,-182.55335E-03
+16.30000E-03,-117.38387E-03,-181.76818E-03
+16.32500E-03,-114.24317E-03,-181.76818E-03
+16.35000E-03,-111.88764E-03,-181.76818E-03
+16.37500E-03,-109.53211E-03,-181.76818E-03
+16.40000E-03,-106.39141E-03,-181.76818E-03
+16.42500E-03,-105.60623E-03,-182.55335E-03
+16.45000E-03,-104.03588E-03,-182.55335E-03
+16.47500E-03,-102.46553E-03,-181.76818E-03
+16.50000E-03,-101.68036E-03,-181.76818E-03
+16.52500E-03,-100.11000E-03,-181.76818E-03
+16.55000E-03,-99.32483E-03,-182.55335E-03
+16.57500E-03,-98.53965E-03,-181.76818E-03
+16.60000E-03,-97.75448E-03,-182.55335E-03
+16.62500E-03,-97.75448E-03,-182.55335E-03
+16.65000E-03,-96.96930E-03,-180.98300E-03
+16.67500E-03,-95.39895E-03,-180.98300E-03
+16.70000E-03,-95.39895E-03,-182.55335E-03
+16.72500E-03,-95.39895E-03,-181.76818E-03
+16.75000E-03,-94.61377E-03,-180.98300E-03
+16.77500E-03,-94.61377E-03,-181.76818E-03
+16.80000E-03,-93.82860E-03,-180.98300E-03
+16.82500E-03,-93.82860E-03,-181.76818E-03
+16.85000E-03,-94.61377E-03,-181.76818E-03
+16.87500E-03,-93.82860E-03,-180.98300E-03
+16.90000E-03,-94.61377E-03,-180.98300E-03
+16.92500E-03,-93.82860E-03,-181.76818E-03
+16.95000E-03,-93.82860E-03,-181.76818E-03
+16.97500E-03,-93.82860E-03,-181.76818E-03
+17.00000E-03,-93.82860E-03,-180.98300E-03
+17.02500E-03,-93.82860E-03,-180.98300E-03
+17.05000E-03,-93.04342E-03,-180.19783E-03
+17.07500E-03,-93.82860E-03,-180.19783E-03
+17.10000E-03,-93.04342E-03,-180.19783E-03
+17.12500E-03,-93.04342E-03,-180.98300E-03
+17.15000E-03,-93.04342E-03,-180.98300E-03
+17.17500E-03,-93.04342E-03,-180.98300E-03
+17.20000E-03,-93.04342E-03,-180.19783E-03
+17.22500E-03,-93.04342E-03,-180.19783E-03
+17.25000E-03,-93.04342E-03,-180.98300E-03
+17.27500E-03,-93.04342E-03,-180.19783E-03
+17.30000E-03,-93.04342E-03,-180.19783E-03
+17.32500E-03,-93.04342E-03,-180.98300E-03
+17.35000E-03,-93.04342E-03,-179.41265E-03
+17.37500E-03,-93.04342E-03,-179.41265E-03
+17.40000E-03,-92.25824E-03,-180.19783E-03
+17.42500E-03,-93.04342E-03,-179.41265E-03
+17.45000E-03,-93.04342E-03,-180.19783E-03
+17.47500E-03,-93.04342E-03,-180.19783E-03
+17.50000E-03,-93.04342E-03,-180.19783E-03
+17.52500E-03,-93.04342E-03,-180.19783E-03
+17.55000E-03,-92.25824E-03,-180.19783E-03
+17.57500E-03,-93.82860E-03,-179.41265E-03
+17.60000E-03,-93.82860E-03,-179.41265E-03
+17.62500E-03,-93.04342E-03,-180.19783E-03
+17.65000E-03,-93.04342E-03,-179.41265E-03
+17.67500E-03,-93.82860E-03,-179.41265E-03
+17.70000E-03,-93.82860E-03,-179.41265E-03
+17.72500E-03,-93.04342E-03,-179.41265E-03
+17.75000E-03,-93.04342E-03,-179.41265E-03
+17.77500E-03,-93.04342E-03,-179.41265E-03
+17.80000E-03,-93.82860E-03,-179.41265E-03
+17.82500E-03,-93.04342E-03,-179.41265E-03
+17.85000E-03,-93.04342E-03,-179.41265E-03
+17.87500E-03,-93.04342E-03,-180.19783E-03
+17.90000E-03,-92.25824E-03,-180.19783E-03
+17.92500E-03,-92.25824E-03,-178.62747E-03
+17.95000E-03,-92.25824E-03,-179.41265E-03
+17.97500E-03,-92.25824E-03,-179.41265E-03
+18.00000E-03,-92.25824E-03,-179.41265E-03
+18.02500E-03,-91.47307E-03,-179.41265E-03
+18.05000E-03,-92.25824E-03,-178.62747E-03
+18.07500E-03,-92.25824E-03,-178.62747E-03
+18.10000E-03,-92.25824E-03,-179.41265E-03
+18.12500E-03,-93.04342E-03,-179.41265E-03
+18.15000E-03,-92.25824E-03,-178.62747E-03
+18.17500E-03,-92.25824E-03,-179.41265E-03
+18.20000E-03,-92.25824E-03,-178.62747E-03
+18.22500E-03,-92.25824E-03,-179.41265E-03
+18.25000E-03,-92.25824E-03,-179.41265E-03
+18.27500E-03,-92.25824E-03,-179.41265E-03
+18.30000E-03,-93.82860E-03,-179.41265E-03
+18.32500E-03,-93.04342E-03,-179.41265E-03
+18.35000E-03,-93.04342E-03,-179.41265E-03
+18.37500E-03,-92.25824E-03,-178.62747E-03
+18.40000E-03,-93.04342E-03,-179.41265E-03
+18.42500E-03,-93.04342E-03,-179.41265E-03
+18.45000E-03,-93.04342E-03,-178.62747E-03
+18.47500E-03,-93.04342E-03,-179.41265E-03
+18.50000E-03,-93.04342E-03,-179.41265E-03
+18.52500E-03,-93.04342E-03,-179.41265E-03
+18.55000E-03,-92.25824E-03,-178.62747E-03
+18.57500E-03,-93.04342E-03,-179.41265E-03
+18.60000E-03,-92.25824E-03,-179.41265E-03
+18.62500E-03,-92.25824E-03,-179.41265E-03
+18.65000E-03,-92.25824E-03,-179.41265E-03
+18.67500E-03,-92.25824E-03,-179.41265E-03
+18.70000E-03,-93.04342E-03,-179.41265E-03
+18.72500E-03,-92.25824E-03,-178.62747E-03
+18.75000E-03,-92.25824E-03,-179.41265E-03
+18.77500E-03,-92.25824E-03,-179.41265E-03
+18.80000E-03,-92.25824E-03,-179.41265E-03
+18.82500E-03,-93.04342E-03,-179.41265E-03
+18.85000E-03,-92.25824E-03,-179.41265E-03
+18.87500E-03,-92.25824E-03,-179.41265E-03
+18.90000E-03,-93.04342E-03,-178.62747E-03
+18.92500E-03,-93.04342E-03,-179.41265E-03
+18.95000E-03,-92.25824E-03,-178.62747E-03
+18.97500E-03,-93.04342E-03,-179.41265E-03
+19.00000E-03,-93.04342E-03,-178.62747E-03
+19.02500E-03,-92.25824E-03,-178.62747E-03
+19.05000E-03,-93.04342E-03,-179.41265E-03
+19.07500E-03,-93.04342E-03,-178.62747E-03
+19.10000E-03,-93.82860E-03,-179.41265E-03
+19.12500E-03,-93.04342E-03,-178.62747E-03
+19.15000E-03,-92.25824E-03,-179.41265E-03
+19.17500E-03,-93.04342E-03,-179.41265E-03
+19.20000E-03,-92.25824E-03,-179.41265E-03
+19.22500E-03,-92.25824E-03,-179.41265E-03
+19.25000E-03,-93.04342E-03,-179.41265E-03
+19.27500E-03,-92.25824E-03,-178.62747E-03
+19.30000E-03,-93.04342E-03,-179.41265E-03
+19.32500E-03,-93.04342E-03,-179.41265E-03
+19.35000E-03,-93.04342E-03,-179.41265E-03
+19.37500E-03,-93.04342E-03,-178.62747E-03
+19.40000E-03,-93.04342E-03,-179.41265E-03
+19.42500E-03,-92.25824E-03,-179.41265E-03
+19.45000E-03,-93.04342E-03,-178.62747E-03
+19.47500E-03,-92.25824E-03,-179.41265E-03
+19.50000E-03,-93.04342E-03,-178.62747E-03
+19.52500E-03,-93.04342E-03,-179.41265E-03
+19.55000E-03,-92.25824E-03,-178.62747E-03
+19.57500E-03,-93.04342E-03,-179.41265E-03
+19.60000E-03,-92.25824E-03,-178.62747E-03
+19.62500E-03,-93.04342E-03,-178.62747E-03
+19.65000E-03,-93.04342E-03,-179.41265E-03
+19.67500E-03,-93.04342E-03,-179.41265E-03
+19.70000E-03,-93.04342E-03,-179.41265E-03
+19.72500E-03,-92.25824E-03,-179.41265E-03
+19.75000E-03,-92.25824E-03,-179.41265E-03
+19.77500E-03,-92.25824E-03,-178.62747E-03
+19.80000E-03,-93.04342E-03,-178.62747E-03
+19.82500E-03,-91.47307E-03,-179.41265E-03
+19.85000E-03,-93.04342E-03,-178.62747E-03
+19.87500E-03,-92.25824E-03,-179.41265E-03
+19.90000E-03,-92.25824E-03,-179.41265E-03
+19.92500E-03,-92.25824E-03,-178.62747E-03
+19.95000E-03,-93.04342E-03,-179.41265E-03
+19.97500E-03,-92.25824E-03,-178.62747E-03
+20.00000E-03,+8.80221419E+00,+9.01970802E+00
+20.02500E-03,+7.05284231E+00,+9.21914270E+00
+20.05000E-03,+5.69056215E+00,+9.35262260E+00
+20.07500E-03,+4.57482722E+00,+9.46254722E+00
+20.10000E-03,+3.69935611E+00,+9.51044295E+00
+20.12500E-03,+2.97777947E+00,+9.61408617E+00
+20.15000E-03,+2.41873424E+00,+9.66355225E+00
+20.17500E-03,+1.95862117E+00,+9.69652964E+00
+20.20000E-03,+1.59665509E+00,+9.74599572E+00
+20.22500E-03,+1.31634729E+00,+9.79310627E+00
+20.25000E-03,+1.09100181E+00,+9.82529848E+00
+20.27500E-03,+915.12242E-03,+9.84414270E+00
+20.30000E-03,+743.95407E-03,+9.85434999E+00
+20.32500E-03,+598.69653E-03,+9.86063140E+00
+20.35000E-03,+531.17141E-03,+9.86220175E+00
+20.37500E-03,+427.52819E-03,+9.86455728E+00
+20.40000E-03,+354.50683E-03,+9.86848316E+00
+20.42500E-03,+330.95156E-03,+9.87162386E+00
+20.45000E-03,+280.70030E-03,+9.87319421E+00
+20.47500E-03,+213.96035E-03,+9.87397939E+00
+20.50000E-03,+169.20533E-03,+9.87397939E+00
+20.52500E-03,+150.36110E-03,+9.87397939E+00
+20.55000E-03,+137.79829E-03,+9.87476456E+00
+20.57500E-03,+121.30960E-03,+9.87476456E+00
+20.60000E-03,+95.39879E-03,+9.87397939E+00
+20.62500E-03,+64.77693E-03,+9.87476456E+00
+20.65000E-03,+34.15507E-03,+9.87476456E+00
+20.67500E-03,+7.45909E-03,+9.87476456E+00
+20.70000E-03,-12.17030E-03,+9.87476456E+00
+20.72500E-03,-26.30347E-03,+9.87476456E+00
+20.75000E-03,-37.29593E-03,+9.87476456E+00
+20.77500E-03,-42.79216E-03,+9.87476456E+00
+20.80000E-03,-49.85875E-03,+9.87476456E+00
+20.82500E-03,-50.64392E-03,+9.87476456E+00
+20.85000E-03,-52.99945E-03,+9.87476456E+00
+20.87500E-03,-58.49568E-03,+9.87476456E+00
+20.90000E-03,-62.42156E-03,+9.87476456E+00
+20.92500E-03,-62.42156E-03,+9.87554974E+00
+20.95000E-03,-63.20674E-03,+9.87476456E+00
+20.97500E-03,-63.99191E-03,+9.87554974E+00
+21.00000E-03,-66.34744E-03,+9.87476456E+00
+21.02500E-03,-70.27332E-03,+9.87554974E+00
+21.05000E-03,-72.62885E-03,+9.87554974E+00
+21.07500E-03,-74.98438E-03,+9.87554974E+00
+21.10000E-03,-75.76955E-03,+9.87554974E+00
+21.12500E-03,-75.76955E-03,+9.87476456E+00
+21.15000E-03,-76.55473E-03,+9.87476456E+00
+21.17500E-03,-78.12508E-03,+9.87554974E+00
+21.20000E-03,-79.69543E-03,+9.87554974E+00
+21.22500E-03,-80.48061E-03,+9.87554974E+00
+21.25000E-03,-82.05096E-03,+9.87554974E+00
+21.27500E-03,-82.83613E-03,+9.87554974E+00
+21.30000E-03,-84.40649E-03,+9.87476456E+00
+21.32500E-03,-84.40649E-03,+9.87476456E+00
+21.35000E-03,-85.19166E-03,+9.87476456E+00
+21.37500E-03,-85.97684E-03,+9.87476456E+00
+21.40000E-03,-85.97684E-03,+9.87476456E+00
+21.42500E-03,-85.97684E-03,+9.87476456E+00
+21.45000E-03,-86.76201E-03,+9.87476456E+00
+21.47500E-03,-87.54719E-03,+9.87476456E+00
+21.50000E-03,-86.76201E-03,+9.87476456E+00
+21.52500E-03,-87.54719E-03,+9.87476456E+00
+21.55000E-03,-88.33237E-03,+9.87476456E+00
+21.57500E-03,-87.54719E-03,+9.87476456E+00
+21.60000E-03,-88.33237E-03,+9.87476456E+00
+21.62500E-03,-88.33237E-03,+9.87476456E+00
+21.65000E-03,-88.33237E-03,+9.87476456E+00
+21.67500E-03,-88.33237E-03,+9.87476456E+00
+21.70000E-03,-88.33237E-03,+9.87476456E+00
+21.72500E-03,-89.11754E-03,+9.87476456E+00
+21.75000E-03,-88.33237E-03,+9.87476456E+00
+21.77500E-03,-89.11754E-03,+9.87476456E+00
+21.80000E-03,-89.11754E-03,+9.87476456E+00
+21.82500E-03,-89.11754E-03,+9.87476456E+00
+21.85000E-03,-89.90272E-03,+9.87476456E+00
+21.87500E-03,-89.11754E-03,+9.87476456E+00
+21.90000E-03,-89.11754E-03,+9.87476456E+00
+21.92500E-03,-89.90272E-03,+9.87476456E+00
+21.95000E-03,-89.11754E-03,+9.87476456E+00
+21.97500E-03,-89.90272E-03,+9.87476456E+00
+22.00000E-03,-89.90272E-03,+9.87476456E+00
+22.02500E-03,-89.11754E-03,+9.87476456E+00
+22.05000E-03,-89.11754E-03,+9.87476456E+00
+22.07500E-03,-89.11754E-03,+9.87476456E+00
+22.10000E-03,-89.11754E-03,+9.87476456E+00
+22.12500E-03,-89.11754E-03,+9.87476456E+00
+22.15000E-03,-89.11754E-03,+9.87476456E+00
+22.17500E-03,-89.90272E-03,+9.87476456E+00
+22.20000E-03,-89.11754E-03,+9.87476456E+00
+22.22500E-03,-89.11754E-03,+9.87476456E+00
+22.25000E-03,-89.11754E-03,+9.87476456E+00
+22.27500E-03,-89.11754E-03,+9.87476456E+00
+22.30000E-03,-89.11754E-03,+9.87476456E+00
+22.32500E-03,-89.11754E-03,+9.87476456E+00
+22.35000E-03,-89.11754E-03,+9.87476456E+00
+22.37500E-03,-89.11754E-03,+9.87476456E+00
+22.40000E-03,-89.11754E-03,+9.87476456E+00
+22.42500E-03,-89.90272E-03,+9.87476456E+00
+22.45000E-03,-89.11754E-03,+9.87476456E+00
+22.47500E-03,-89.90272E-03,+9.87476456E+00
+22.50000E-03,-89.11754E-03,+9.87476456E+00
+22.52500E-03,-89.11754E-03,+9.87476456E+00
+22.55000E-03,-89.11754E-03,+9.87476456E+00
+22.57500E-03,-89.11754E-03,+9.87476456E+00
+22.60000E-03,-88.33237E-03,+9.87476456E+00
+22.62500E-03,-89.11754E-03,+9.87476456E+00
+22.65000E-03,-89.11754E-03,+9.87476456E+00
+22.67500E-03,-89.11754E-03,+9.87476456E+00
+22.70000E-03,-89.11754E-03,+9.87476456E+00
+22.72500E-03,-89.11754E-03,+9.87476456E+00
+22.75000E-03,-89.11754E-03,+9.87476456E+00
+22.77500E-03,-89.11754E-03,+9.87476456E+00
+22.80000E-03,-89.11754E-03,+9.87476456E+00
+22.82500E-03,-89.90272E-03,+9.87476456E+00
+22.85000E-03,-89.11754E-03,+9.87476456E+00
+22.87500E-03,-89.90272E-03,+9.87476456E+00
+22.90000E-03,-89.11754E-03,+9.87476456E+00
+22.92500E-03,-89.11754E-03,+9.87476456E+00
+22.95000E-03,-89.90272E-03,+9.87476456E+00
+22.97500E-03,-89.11754E-03,+9.87476456E+00
+23.00000E-03,-89.90272E-03,+9.87476456E+00
+23.02500E-03,-89.11754E-03,+9.87476456E+00
+23.05000E-03,-89.90272E-03,+9.87476456E+00
+23.07500E-03,-89.11754E-03,+9.87476456E+00
+23.10000E-03,-89.11754E-03,+9.87476456E+00
+23.12500E-03,-89.11754E-03,+9.87476456E+00
+23.15000E-03,-89.90272E-03,+9.87476456E+00
+23.17500E-03,-89.11754E-03,+9.87476456E+00
+23.20000E-03,-89.11754E-03,+9.87476456E+00
+23.22500E-03,-88.33237E-03,+9.87476456E+00
+23.25000E-03,-89.11754E-03,+9.87476456E+00
+23.27500E-03,-89.11754E-03,+9.87476456E+00
+23.30000E-03,-89.11754E-03,+9.87476456E+00
+23.32500E-03,-89.11754E-03,+9.87476456E+00
+23.35000E-03,-89.11754E-03,+9.87476456E+00
+23.37500E-03,-89.90272E-03,+9.87476456E+00
+23.40000E-03,-89.11754E-03,+9.87476456E+00
+23.42500E-03,-89.11754E-03,+9.87476456E+00
+23.45000E-03,-89.11754E-03,+9.87476456E+00
+23.47500E-03,-89.90272E-03,+9.87476456E+00
+23.50000E-03,-89.11754E-03,+9.87476456E+00
+23.52500E-03,-89.11754E-03,+9.87476456E+00
+23.55000E-03,-89.11754E-03,+9.87476456E+00
+23.57500E-03,-89.11754E-03,+9.87476456E+00
+23.60000E-03,-89.11754E-03,+9.87476456E+00
+23.62500E-03,-89.11754E-03,+9.87476456E+00
+23.65000E-03,-88.33237E-03,+9.87476456E+00
+23.67500E-03,-89.90272E-03,+9.87476456E+00
+23.70000E-03,-89.11754E-03,+9.87476456E+00
+23.72500E-03,-88.33237E-03,+9.87476456E+00
+23.75000E-03,-89.11754E-03,+9.87476456E+00
+23.77500E-03,-89.11754E-03,+9.87476456E+00
+23.80000E-03,-89.11754E-03,+9.87476456E+00
+23.82500E-03,-89.11754E-03,+9.87476456E+00
+23.85000E-03,-89.90272E-03,+9.87476456E+00
+23.87500E-03,-89.11754E-03,+9.87476456E+00
+23.90000E-03,-89.11754E-03,+9.87476456E+00
+23.92500E-03,-88.33237E-03,+9.87476456E+00
+23.95000E-03,-89.11754E-03,+9.87476456E+00
+23.97500E-03,-89.11754E-03,+9.87476456E+00
+24.00000E-03,-88.33237E-03,+9.87476456E+00
+24.02500E-03,-89.11754E-03,+9.87476456E+00
+24.05000E-03,-89.90272E-03,+9.87476456E+00
+24.07500E-03,-89.90272E-03,+9.87476456E+00
+24.10000E-03,-89.90272E-03,+9.87476456E+00
+24.12500E-03,-89.11754E-03,+9.87476456E+00
+24.15000E-03,-89.11754E-03,+9.87397939E+00
+24.17500E-03,-89.11754E-03,+9.87476456E+00
+24.20000E-03,-89.90272E-03,+9.87476456E+00
+24.22500E-03,-89.11754E-03,+9.87397939E+00
+24.25000E-03,-89.90272E-03,+9.87476456E+00
+24.27500E-03,-89.11754E-03,+9.87476456E+00
+24.30000E-03,-89.11754E-03,+9.87476456E+00
+24.32500E-03,-89.11754E-03,+9.87476456E+00
+24.35000E-03,-89.11754E-03,+9.87476456E+00
+24.37500E-03,-89.11754E-03,+9.87476456E+00
+24.40000E-03,-89.11754E-03,+9.87476456E+00
+24.42500E-03,-89.11754E-03,+9.87476456E+00
+24.45000E-03,-89.11754E-03,+9.87476456E+00
+24.47500E-03,-89.11754E-03,+9.87476456E+00
+24.50000E-03,-89.11754E-03,+9.87476456E+00
+24.52500E-03,-89.11754E-03,+9.87476456E+00
+24.55000E-03,-89.11754E-03,+9.87476456E+00
+24.57500E-03,-89.11754E-03,+9.87397939E+00
+24.60000E-03,-89.11754E-03,+9.87476456E+00
+24.62500E-03,-89.11754E-03,+9.87476456E+00
+24.65000E-03,-89.11754E-03,+9.87476456E+00
+24.67500E-03,-89.11754E-03,+9.87476456E+00
+24.70000E-03,-89.11754E-03,+9.87476456E+00
+24.72500E-03,-89.11754E-03,+9.87476456E+00
+24.75000E-03,-89.11754E-03,+9.87476456E+00
+24.77500E-03,-89.11754E-03,+9.87476456E+00
+24.80000E-03,-89.11754E-03,+9.87476456E+00
+24.82500E-03,-89.11754E-03,+9.87397939E+00
+24.85000E-03,-89.11754E-03,+9.87476456E+00
+24.87500E-03,-89.90272E-03,+9.87476456E+00
+24.90000E-03,-89.11754E-03,+9.87476456E+00
+24.92500E-03,-89.90272E-03,+9.87476456E+00
+24.95000E-03,-89.11754E-03,+9.87476456E+00
+24.97500E-03,-89.90272E-03,+9.87476456E+00
