x-axis,1,2
second,Volt,Volt
-1.00000E-03,-10.97676E-03,+555.11934E-03
-999.00E-06,-6.17148E-03,+509.89321E-03
-998.00E-06,-1.71168E-03,+475.65954E-03
-997.00E-06,+2.27701E-03,+432.63190E-03
-996.00E-06,+6.54837E-03,+392.74497E-03
-995.00E-06,+10.53706E-03,+344.06407E-03
-994.00E-06,+14.90264E-03,+312.97110E-03
-993.00E-06,+19.17399E-03,+268.68718E-03
-992.00E-06,+23.66520E-03,+236.02387E-03
-991.00E-06,+28.03078E-03,+196.76507E-03
-990.00E-06,+32.52198E-03,+159.07663E-03
-989.00E-06,+37.01319E-03,+121.70226E-03
-988.00E-06,+41.22173E-03,+80.55904E-03
-987.00E-06,+45.43028E-03,+45.69724E-03
-986.00E-06,+49.63882E-03,+157.04E-06
-985.00E-06,+54.13002E-03,-43.18467E-03
-984.00E-06,+58.62123E-03,-80.55904E-03
-983.00E-06,+63.30088E-03,-114.16457E-03
-982.00E-06,+67.47801E-03,-160.96105E-03
-981.00E-06,+71.87500E-03,-204.61683E-03
-980.00E-06,+76.11495E-03,-243.24748E-03
-979.00E-06,+80.48053E-03,-282.50628E-03
-978.00E-06,+84.94033E-03,-324.59171E-03
-977.00E-06,+89.80842E-03,-364.79271E-03
-976.00E-06,+94.39384E-03,-403.10929E-03
-975.00E-06,+98.44535E-03,-440.79773E-03
-974.00E-06,+102.68530E-03,-481.94095E-03
-973.00E-06,+106.45414E-03,-514.29020E-03
-972.00E-06,+110.75691E-03,-561.71482E-03
-971.00E-06,+114.87123E-03,-607.25502E-03
-970.00E-06,+119.39384E-03,-647.45602E-03
-969.00E-06,+123.85364E-03,-687.97110E-03
-968.00E-06,+128.37625E-03,-725.34547E-03
-967.00E-06,+132.86746E-03,-764.60426E-03
-966.00E-06,+137.17022E-03,-804.80527E-03
-965.00E-06,+141.50440E-03,-848.77512E-03
-964.00E-06,+145.33605E-03,-887.40577E-03
-963.00E-06,+149.51319E-03,-927.60677E-03
-962.00E-06,+153.97299E-03,-966.86557E-03
-961.00E-06,+158.30716E-03,-1.00581029E+00
-960.00E-06,+162.04460E-03,-1.04601130E+00
-959.00E-06,+166.25314E-03,-1.08872486E+00
-958.00E-06,+170.46168E-03,-1.12735552E+00
-957.00E-06,+174.60741E-03,-1.16849873E+00
-956.00E-06,+178.78455E-03,-1.20744345E+00
-955.00E-06,+183.05590E-03,-1.24858667E+00
-954.00E-06,+187.04460E-03,-1.28878767E+00
-953.00E-06,+191.47299E-03,-1.33118717E+00
-952.00E-06,+195.80716E-03,-1.36887561E+00
-951.00E-06,+200.04711E-03,-1.40373742E+00
-950.00E-06,+204.28706E-03,-1.44676506E+00
-949.00E-06,+208.65264E-03,-1.48508164E+00
-948.00E-06,+213.01821E-03,-1.52810928E+00
-947.00E-06,+217.06972E-03,-1.56579772E+00
-946.00E-06,+221.40389E-03,-1.60756908E+00
-945.00E-06,+225.42399E-03,-1.64400124E+00
-944.00E-06,+229.75816E-03,-1.68577260E+00
-943.00E-06,+233.68404E-03,-1.71874998E+00
-942.00E-06,+237.79836E-03,-1.76334797E+00
-941.00E-06,+241.88128E-03,-1.78972988E+00
-940.00E-06,+246.05841E-03,-1.83527008E+00
-939.00E-06,+249.76444E-03,-1.86824747E+00
-938.00E-06,+253.78455E-03,-1.91661430E+00
-937.00E-06,+258.11872E-03,-1.94519470E+00
-936.00E-06,+262.42148E-03,-1.99167711E+00
-935.00E-06,+266.15892E-03,-2.02402636E+00
-934.00E-06,+270.24183E-03,-2.06988063E+00
-933.00E-06,+273.97927E-03,-2.10568465E+00
-932.00E-06,+277.99937E-03,-2.15373741E+00
-931.00E-06,+281.64258E-03,-2.18765701E+00
-930.00E-06,+285.53706E-03,-2.23445349E+00
-929.00E-06,+289.52575E-03,-2.25989319E+00
-928.00E-06,+293.54585E-03,-2.29915199E+00
-927.00E-06,+297.47173E-03,-2.33495601E+00
-926.00E-06,+301.52324E-03,-2.37609922E+00
-925.00E-06,+305.48052E-03,-2.41472987E+00
-924.00E-06,+309.34359E-03,-2.45430274E+00
-923.00E-06,+313.33228E-03,-2.49073490E+00
-922.00E-06,+317.28957E-03,-2.51680274E+00
-921.00E-06,+321.05841E-03,-2.56359922E+00
-920.00E-06,+324.76444E-03,-2.59908917E+00
-919.00E-06,+328.78454E-03,-2.64305902E+00
-918.00E-06,+332.86746E-03,-2.66567208E+00
-917.00E-06,+336.91897E-03,-2.70901379E+00
-916.00E-06,+340.90766E-03,-2.74042082E+00
-915.00E-06,+344.77072E-03,-2.78030776E+00
-914.00E-06,+348.38253E-03,-2.81485550E+00
-913.00E-06,+352.21419E-03,-2.84594846E+00
-912.00E-06,+355.35490E-03,-2.88803389E+00
-911.00E-06,+359.24937E-03,-2.91472987E+00
-910.00E-06,+362.82977E-03,-2.95869972E+00
-909.00E-06,+366.56721E-03,-2.98508163E+00
-908.00E-06,+369.92776E-03,-3.02591077E+00
-907.00E-06,+373.35113E-03,-3.05668967E+00
-906.00E-06,+376.96294E-03,-3.08778263E+00
-905.00E-06,+380.13505E-03,-3.12955399E+00
-904.00E-06,+383.87248E-03,-3.16001881E+00
-903.00E-06,+387.04459E-03,-3.20430273E+00
-902.00E-06,+390.84485E-03,-3.23005650E+00
-901.00E-06,+394.39384E-03,-3.27025750E+00
-900.00E-06,+398.06846E-03,-3.29946605E+00
-899.00E-06,+401.93153E-03,-3.32961680E+00
-898.00E-06,+405.73178E-03,-3.37044594E+00
-897.00E-06,+409.34359E-03,-3.39619971E+00
-896.00E-06,+412.73555E-03,-3.43954142E+00
-895.00E-06,+416.31595E-03,-3.46403891E+00
-894.00E-06,+419.29962E-03,-3.49638815E+00
-893.00E-06,+422.81721E-03,-3.53344845E+00
-892.00E-06,+426.24057E-03,-3.55731780E+00
-891.00E-06,+429.75816E-03,-3.60003137E+00
-890.00E-06,+433.21294E-03,-3.62547107E+00
-889.00E-06,+436.38505E-03,-3.66001881E+00
-888.00E-06,+439.83982E-03,-3.69519468E+00
-887.00E-06,+443.10615E-03,-3.71466705E+00
-886.00E-06,+446.59233E-03,-3.75392584E+00
-885.00E-06,+449.82726E-03,-3.78124996E+00
-884.00E-06,+452.99937E-03,-3.80920222E+00
-883.00E-06,+456.32851E-03,-3.84751880E+00
-882.00E-06,+459.50062E-03,-3.87107408E+00
-881.00E-06,+462.79836E-03,-3.90907659E+00
-880.00E-06,+465.59359E-03,-3.93859920E+00
-879.00E-06,+468.32600E-03,-3.96246855E+00
-878.00E-06,+471.59233E-03,-4.00204141E+00
-877.00E-06,+475.10992E-03,-4.02465448E+00
-876.00E-06,+478.53329E-03,-4.05166453E+00
-875.00E-06,+481.79962E-03,-4.08903890E+00
-874.00E-06,+484.90891E-03,-4.11196604E+00
-873.00E-06,+488.14384E-03,-4.14682785E+00
-872.00E-06,+490.84484E-03,-4.17729267E+00
-871.00E-06,+493.70288E-03,-4.19268212E+00
-870.00E-06,+496.96922E-03,-4.22785799E+00
-869.00E-06,+499.73303E-03,-4.25769468E+00
-868.00E-06,+502.87374E-03,-4.27653890E+00
-867.00E-06,+505.63756E-03,-4.31422734E+00
-866.00E-06,+508.18153E-03,-4.34060925E+00
-865.00E-06,+511.22801E-03,-4.36165196E+00
-864.00E-06,+514.30590E-03,-4.39965448E+00
-863.00E-06,+517.06972E-03,-4.42352382E+00
-862.00E-06,+520.14761E-03,-4.44299618E+00
-861.00E-06,+522.75439E-03,-4.47911427E+00
-860.00E-06,+525.48680E-03,-4.50235548E+00
-859.00E-06,+528.59610E-03,-4.51648865E+00
-858.00E-06,+531.32851E-03,-4.55040824E+00
-857.00E-06,+534.31218E-03,-4.57961679E+00
-856.00E-06,+537.04459E-03,-4.59751879E+00
-855.00E-06,+539.49434E-03,-4.63018211E+00
-854.00E-06,+542.19535E-03,-4.65939065E+00
-853.00E-06,+544.89635E-03,-4.67258161E+00
-852.00E-06,+547.40891E-03,-4.70116201E+00
-851.00E-06,+550.01570E-03,-4.73476754E+00
-850.00E-06,+552.71670E-03,-4.75423990E+00
-849.00E-06,+555.13504E-03,-4.78376251E+00
-848.00E-06,+557.64761E-03,-4.81485548E+00
-847.00E-06,+560.34861E-03,-4.82867457E+00
-846.00E-06,+562.79836E-03,-4.84720472E+00
-845.00E-06,+565.37374E-03,-4.87923990E+00
-844.00E-06,+568.07474E-03,-4.90216703E+00
-843.00E-06,+570.58731E-03,-4.91253135E+00
-842.00E-06,+573.03705E-03,-4.93577256E+00
-841.00E-06,+575.73806E-03,-4.96749367E+00
-840.00E-06,+578.09359E-03,-4.98696603E+00
-839.00E-06,+580.26067E-03,-5.00643839E+00
-838.00E-06,+582.58479E-03,-5.03533286E+00
-837.00E-06,+584.84610E-03,-5.06014442E+00
-836.00E-06,+586.79334E-03,-5.07364944E+00
-835.00E-06,+588.77198E-03,-5.09312180E+00
-834.00E-06,+590.97047E-03,-5.12076000E+00
-833.00E-06,+593.26318E-03,-5.13897608E+00
-832.00E-06,+595.02198E-03,-5.14682783E+00
-831.00E-06,+596.81218E-03,-5.15153889E+00
-830.00E-06,+599.19911E-03,-5.15813437E+00
-829.00E-06,+601.42901E-03,-5.16630020E+00
-828.00E-06,+603.28203E-03,-5.17478010E+00
-827.00E-06,+605.29208E-03,-5.18325999E+00
-826.00E-06,+607.52198E-03,-5.18985547E+00
-825.00E-06,+609.46921E-03,-5.19613688E+00
-824.00E-06,+611.10238E-03,-5.20053386E+00
-823.00E-06,+612.73555E-03,-5.20430271E+00
-822.00E-06,+614.93404E-03,-5.20744341E+00
-821.00E-06,+616.97550E-03,-5.20995597E+00
-820.00E-06,+618.79710E-03,-5.20964190E+00
-819.00E-06,+620.36746E-03,-5.21246854E+00
-818.00E-06,+622.28328E-03,-5.21309668E+00
-817.00E-06,+624.23052E-03,-5.21341075E+00
-816.00E-06,+625.92650E-03,-5.21403889E+00
-815.00E-06,+627.11997E-03,-5.21498110E+00
-814.00E-06,+628.37625E-03,-5.21529517E+00
-813.00E-06,+630.26067E-03,-5.21466703E+00
-812.00E-06,+632.01947E-03,-5.21466703E+00
-811.00E-06,+633.65263E-03,-5.21435296E+00
-810.00E-06,+634.90891E-03,-5.21466703E+00
-809.00E-06,+636.07097E-03,-5.21466703E+00
-808.00E-06,+637.57851E-03,-5.21466703E+00
-807.00E-06,+639.27449E-03,-5.21403889E+00
-806.00E-06,+640.90766E-03,-5.21466703E+00
-805.00E-06,+642.28957E-03,-5.21403889E+00
-804.00E-06,+643.29459E-03,-5.21278261E+00
-803.00E-06,+644.45665E-03,-5.21152633E+00
-802.00E-06,+645.68153E-03,-5.21152633E+00
-801.00E-06,+647.34610E-03,-5.21152633E+00
-800.00E-06,+648.79082E-03,-5.21089819E+00
-799.00E-06,+650.01570E-03,-5.20995597E+00
-798.00E-06,+650.98931E-03,-5.20838562E+00
-797.00E-06,+651.90012E-03,-5.20744341E+00
-796.00E-06,+653.03077E-03,-5.20807155E+00
-795.00E-06,+654.38127E-03,-5.20618713E+00
-794.00E-06,+655.70037E-03,-5.20493085E+00
-793.00E-06,+656.89384E-03,-5.20367457E+00
-792.00E-06,+657.86746E-03,-5.20430271E+00
-791.00E-06,+658.80967E-03,-5.20273236E+00
-790.00E-06,+659.56344E-03,-5.20116200E+00
-789.00E-06,+660.38002E-03,-5.19990572E+00
-788.00E-06,+661.44786E-03,-5.20021979E+00
-787.00E-06,+662.48429E-03,-5.19896351E+00
-786.00E-06,+663.52072E-03,-5.19770723E+00
-785.00E-06,+664.68278E-03,-5.19833537E+00
-784.00E-06,+665.62499E-03,-5.19488060E+00
-783.00E-06,+666.34735E-03,-5.19582281E+00
-782.00E-06,+667.06972E-03,-5.19456653E+00
-781.00E-06,+667.72926E-03,-5.19268211E+00
-780.00E-06,+668.42022E-03,-5.19111175E+00
-779.00E-06,+669.17399E-03,-5.19111175E+00
-778.00E-06,+669.89635E-03,-5.19111175E+00
-777.00E-06,+670.90137E-03,-5.18922733E+00
-776.00E-06,+671.68655E-03,-5.18891326E+00
-775.00E-06,+672.56595E-03,-5.18797105E+00
-774.00E-06,+673.35112E-03,-5.18640070E+00
-773.00E-06,+673.94786E-03,-5.18577256E+00
-772.00E-06,+674.45037E-03,-5.18545849E+00
-771.00E-06,+674.98429E-03,-5.18420221E+00
-770.00E-06,+675.48680E-03,-5.18483035E+00
-769.00E-06,+675.92650E-03,-5.18420221E+00
-768.00E-06,+676.33479E-03,-5.18200371E+00
-767.00E-06,+676.86871E-03,-5.18106150E+00
-766.00E-06,+677.27700E-03,-5.18168964E+00
-765.00E-06,+677.87374E-03,-5.18106150E+00
-764.00E-06,+678.31343E-03,-5.17949115E+00
-763.00E-06,+678.75313E-03,-5.17792080E+00
-762.00E-06,+679.06720E-03,-5.17854894E+00
-761.00E-06,+679.69534E-03,-5.17792080E+00
-760.00E-06,+680.00941E-03,-5.17729266E+00
-759.00E-06,+680.32349E-03,-5.17572231E+00
-758.00E-06,+680.70037E-03,-5.17478010E+00
-757.00E-06,+680.92022E-03,-5.17540824E+00
-756.00E-06,+681.10866E-03,-5.17383788E+00
-755.00E-06,+681.23429E-03,-5.17446602E+00
-754.00E-06,+681.48555E-03,-5.17258160E+00
-753.00E-06,+681.48555E-03,-5.17289567E+00
-752.00E-06,+681.73680E-03,-5.17415195E+00
-751.00E-06,+681.83102E-03,-5.17163939E+00
-750.00E-06,+681.76821E-03,-5.17101125E+00
-749.00E-06,+681.86243E-03,-5.17038311E+00
-748.00E-06,+681.92524E-03,-5.17069718E+00
-747.00E-06,+681.89384E-03,-5.17101125E+00
-746.00E-06,+681.76821E-03,-5.17038311E+00
-745.00E-06,+681.61117E-03,-5.16975497E+00
-744.00E-06,+681.70539E-03,-5.17006904E+00
-743.00E-06,+681.42273E-03,-5.16944090E+00
-742.00E-06,+681.29710E-03,-5.16944090E+00
-741.00E-06,+681.07725E-03,-5.16849869E+00
-740.00E-06,+680.92022E-03,-5.16881276E+00
-739.00E-06,+680.57474E-03,-5.16787055E+00
-738.00E-06,+680.48052E-03,-5.16755648E+00
-737.00E-06,+680.10364E-03,-5.16755648E+00
-736.00E-06,+679.63253E-03,-5.16787055E+00
-735.00E-06,+679.41268E-03,-5.16818462E+00
-734.00E-06,+678.84735E-03,-5.16849869E+00
-733.00E-06,+678.37625E-03,-5.16724241E+00
-732.00E-06,+677.93655E-03,-5.16755648E+00
-731.00E-06,+677.37122E-03,-5.16724241E+00
-730.00E-06,+676.93153E-03,-5.16692834E+00
-729.00E-06,+676.42901E-03,-5.16755648E+00
-728.00E-06,+675.98931E-03,-5.16818462E+00
-727.00E-06,+675.48680E-03,-5.16598613E+00
-726.00E-06,+675.04710E-03,-5.16818462E+00
-725.00E-06,+674.54459E-03,-5.16692834E+00
-724.00E-06,+674.04208E-03,-5.16755648E+00
-723.00E-06,+673.41394E-03,-5.16755648E+00
-722.00E-06,+672.72298E-03,-5.16692834E+00
-721.00E-06,+671.84359E-03,-5.16724241E+00
-720.00E-06,+671.02700E-03,-5.16724241E+00
-719.00E-06,+670.08479E-03,-5.16692834E+00
-718.00E-06,+669.23680E-03,-5.16692834E+00
-717.00E-06,+668.48303E-03,-5.16692834E+00
-716.00E-06,+667.72926E-03,-5.16692834E+00
-715.00E-06,+667.10112E-03,-5.16661427E+00
-714.00E-06,+666.56720E-03,-5.16692834E+00
-713.00E-06,+665.78203E-03,-5.16755648E+00
-712.00E-06,+664.68278E-03,-5.16692834E+00
-711.00E-06,+663.83479E-03,-5.16630020E+00
-710.00E-06,+662.60992E-03,-5.16692834E+00
-709.00E-06,+661.44786E-03,-5.16630020E+00
-708.00E-06,+660.50565E-03,-5.16598613E+00
-707.00E-06,+659.65766E-03,-5.16661427E+00
-706.00E-06,+658.84107E-03,-5.16535798E+00
-705.00E-06,+658.05590E-03,-5.16661427E+00
-704.00E-06,+656.98806E-03,-5.16598613E+00
-703.00E-06,+655.79459E-03,-5.16630020E+00
-702.00E-06,+654.44409E-03,-5.16598613E+00
-701.00E-06,+653.09359E-03,-5.16535798E+00
-700.00E-06,+651.93153E-03,-5.16567206E+00
-699.00E-06,+651.08354E-03,-5.16535798E+00
-698.00E-06,+650.04710E-03,-5.16504391E+00
-697.00E-06,+648.91645E-03,-5.16472984E+00
-696.00E-06,+647.47173E-03,-5.16410170E+00
-695.00E-06,+645.83856E-03,-5.16347356E+00
-694.00E-06,+644.55087E-03,-5.16315949E+00
-693.00E-06,+643.32600E-03,-5.16253135E+00
-692.00E-06,+642.28957E-03,-5.16158914E+00
-691.00E-06,+641.00188E-03,-5.16096100E+00
-690.00E-06,+639.49434E-03,-5.16096100E+00
-689.00E-06,+637.54710E-03,-5.15939065E+00
-688.00E-06,+636.07097E-03,-5.15876251E+00
-687.00E-06,+634.84610E-03,-5.15813437E+00
-686.00E-06,+633.62122E-03,-5.15656402E+00
-685.00E-06,+631.92524E-03,-5.15530773E+00
-684.00E-06,+630.16645E-03,-5.15405145E+00
-683.00E-06,+628.34484E-03,-5.15248110E+00
-682.00E-06,+626.96293E-03,-5.15185296E+00
-681.00E-06,+625.70665E-03,-5.15059668E+00
-680.00E-06,+623.91645E-03,-5.14871226E+00
-679.00E-06,+621.93781E-03,-5.14714190E+00
-678.00E-06,+620.02198E-03,-5.14494341E+00
-677.00E-06,+618.32600E-03,-5.14148864E+00
-676.00E-06,+616.66143E-03,-5.13489316E+00
-675.00E-06,+614.33730E-03,-5.11950371E+00
-674.00E-06,+612.17022E-03,-5.09720472E+00
-673.00E-06,+610.41143E-03,-5.07741829E+00
-672.00E-06,+608.55841E-03,-5.06108663E+00
-671.00E-06,+606.26570E-03,-5.03564693E+00
-670.00E-06,+603.97298E-03,-5.00423990E+00
-669.00E-06,+602.02575E-03,-4.98633789E+00
-668.00E-06,+599.89007E-03,-4.96686552E+00
-667.00E-06,+597.53454E-03,-4.93734291E+00
-666.00E-06,+595.39886E-03,-4.91410171E+00
-665.00E-06,+593.51444E-03,-4.90310924E+00
-664.00E-06,+591.25313E-03,-4.88363688E+00
-663.00E-06,+588.96042E-03,-4.85222985E+00
-662.00E-06,+587.04459E-03,-4.83150120E+00
-661.00E-06,+585.12876E-03,-4.81988060E+00
-660.00E-06,+582.96168E-03,-4.79475497E+00
-659.00E-06,+580.51193E-03,-4.76271980E+00
-658.00E-06,+578.43906E-03,-4.74293337E+00
-657.00E-06,+576.05213E-03,-4.71937809E+00
-656.00E-06,+573.41394E-03,-4.68357407E+00
-655.00E-06,+570.86997E-03,-4.66661427E+00
-654.00E-06,+568.45163E-03,-4.64902633E+00
-653.00E-06,+565.68781E-03,-4.61479266E+00
-652.00E-06,+563.04962E-03,-4.58935297E+00
-651.00E-06,+560.56846E-03,-4.57270724E+00
-650.00E-06,+557.96168E-03,-4.53878764E+00
-649.00E-06,+555.29208E-03,-4.51177759E+00
-648.00E-06,+553.12499E-03,-4.49921478E+00
-647.00E-06,+550.26695E-03,-4.47189066E+00
-646.00E-06,+547.59736E-03,-4.43702885E+00
-645.00E-06,+545.14761E-03,-4.42101126E+00
-644.00E-06,+542.47801E-03,-4.39682784E+00
-643.00E-06,+539.87123E-03,-4.36039568E+00
-642.00E-06,+537.42148E-03,-4.34123739E+00
-641.00E-06,+534.75188E-03,-4.31516955E+00
-640.00E-06,+531.64258E-03,-4.27810925E+00
-639.00E-06,+528.81595E-03,-4.26020724E+00
-638.00E-06,+525.80087E-03,-4.23131277E+00
-637.00E-06,+522.97424E-03,-4.19613689E+00
-636.00E-06,+520.43027E-03,-4.18043337E+00
-635.00E-06,+517.38379E-03,-4.15499367E+00
-634.00E-06,+514.43153E-03,-4.11667709E+00
-633.00E-06,+511.51067E-03,-4.09532031E+00
-632.00E-06,+508.58982E-03,-4.06108664E+00
-631.00E-06,+505.98303E-03,-4.02842332E+00
-630.00E-06,+503.09359E-03,-4.01083538E+00
-629.00E-06,+500.01570E-03,-3.97377508E+00
-628.00E-06,+497.15766E-03,-3.94582282E+00
-627.00E-06,+493.98555E-03,-3.92352383E+00
-626.00E-06,+490.87625E-03,-3.88300875E+00
-625.00E-06,+488.20665E-03,-3.85913941E+00
-624.00E-06,+485.12876E-03,-3.82741830E+00
-623.00E-06,+481.95665E-03,-3.79004393E+00
-622.00E-06,+478.65891E-03,-3.76962936E+00
-621.00E-06,+475.29836E-03,-3.73256906E+00
-620.00E-06,+471.84359E-03,-3.70367458E+00
-619.00E-06,+468.48304E-03,-3.68168966E+00
-618.00E-06,+465.78203E-03,-3.64086051E+00
-617.00E-06,+462.95540E-03,-3.61636303E+00
-616.00E-06,+459.65766E-03,-3.58464192E+00
-615.00E-06,+456.64258E-03,-3.54758162E+00
-614.00E-06,+453.25062E-03,-3.52308413E+00
-613.00E-06,+450.07851E-03,-3.48162685E+00
-612.00E-06,+446.81218E-03,-3.45838564E+00
-611.00E-06,+443.32600E-03,-3.42635047E+00
-610.00E-06,+440.24811E-03,-3.38803388E+00
-609.00E-06,+436.76193E-03,-3.36353640E+00
-608.00E-06,+433.55841E-03,-3.32050876E+00
-607.00E-06,+430.10364E-03,-3.29538313E+00
-606.00E-06,+426.58605E-03,-3.26020725E+00
-605.00E-06,+423.28831E-03,-3.22346102E+00
-604.00E-06,+419.67650E-03,-3.19676504E+00
-603.00E-06,+416.56721E-03,-3.15342333E+00
-602.00E-06,+413.04962E-03,-3.12452886E+00
-601.00E-06,+409.65766E-03,-3.08055901E+00
-600.00E-06,+406.01444E-03,-3.05480524E+00
-599.00E-06,+402.24560E-03,-3.01900122E+00
-598.00E-06,+398.44535E-03,-2.98319720E+00
-597.00E-06,+394.70791E-03,-2.95555901E+00
-596.00E-06,+391.22173E-03,-2.91221731E+00
-595.00E-06,+387.48429E-03,-2.88709168E+00
-594.00E-06,+384.09233E-03,-2.84312183E+00
-593.00E-06,+380.51193E-03,-2.81516957E+00
-592.00E-06,+377.18278E-03,-2.78093590E+00
-591.00E-06,+373.69660E-03,-2.74136304E+00
-590.00E-06,+370.21042E-03,-2.70995600E+00
-589.00E-06,+366.88128E-03,-2.66661429E+00
-588.00E-06,+363.01821E-03,-2.64651379E+00
-587.00E-06,+359.37500E-03,-2.60411429E+00
-586.00E-06,+355.66897E-03,-2.56799620E+00
-585.00E-06,+352.24560E-03,-2.52277007E+00
-584.00E-06,+348.50816E-03,-2.49387560E+00
-583.00E-06,+344.99057E-03,-2.46215450E+00
-582.00E-06,+341.00188E-03,-2.41912686E+00
-581.00E-06,+337.17022E-03,-2.38112435E+00
-580.00E-06,+333.05590E-03,-2.33935299E+00
-579.00E-06,+329.00439E-03,-2.30606153E+00
-578.00E-06,+324.95289E-03,-2.26397611E+00
-577.00E-06,+321.37248E-03,-2.24136304E+00
-576.00E-06,+317.54083E-03,-2.19488063E+00
-575.00E-06,+313.67776E-03,-2.16221731E+00
-574.00E-06,+309.84610E-03,-2.11510676E+00
-573.00E-06,+305.76319E-03,-2.07930274E+00
-572.00E-06,+301.93153E-03,-2.03344847E+00
-571.00E-06,+297.84861E-03,-2.00204144E+00
-570.00E-06,+293.95414E-03,-1.95618716E+00
-569.00E-06,+289.96545E-03,-1.92635048E+00
-568.00E-06,+285.85113E-03,-1.88238063E+00
-567.00E-06,+281.92525E-03,-1.84751882E+00
-566.00E-06,+278.28203E-03,-1.80449119E+00
-565.00E-06,+274.32475E-03,-1.77151380E+00
-564.00E-06,+270.65012E-03,-1.73759420E+00
-563.00E-06,+266.44158E-03,-1.69676506E+00
-562.00E-06,+262.64133E-03,-1.66315953E+00
-561.00E-06,+258.49560E-03,-1.61950375E+00
-560.00E-06,+254.06721E-03,-1.58589822E+00
-559.00E-06,+250.01570E-03,-1.53910174E+00
-558.00E-06,+246.43530E-03,-1.50643843E+00
-557.00E-06,+242.19535E-03,-1.45869973E+00
-556.00E-06,+238.04962E-03,-1.42415199E+00
-555.00E-06,+233.90389E-03,-1.37986808E+00
-554.00E-06,+229.88379E-03,-1.35191581E+00
-553.00E-06,+225.67525E-03,-1.30417712E+00
-552.00E-06,+221.49811E-03,-1.26994345E+00
-551.00E-06,+217.35238E-03,-1.22251883E+00
-550.00E-06,+213.23806E-03,-1.19079773E+00
-549.00E-06,+208.80967E-03,-1.14274496E+00
-548.00E-06,+204.53831E-03,-1.11196607E+00
-547.00E-06,+200.26696E-03,-1.06359923E+00
-546.00E-06,+195.99560E-03,-1.03062185E+00
-545.00E-06,+191.78706E-03,-983.19723E-03
-544.00E-06,+187.48429E-03,-951.79019E-03
-543.00E-06,+183.40138E-03,-904.05150E-03
-542.00E-06,+179.03580E-03,-873.58667E-03
-541.00E-06,+175.04711E-03,-825.53391E-03
-540.00E-06,+170.80716E-03,-790.67210E-03
-539.00E-06,+166.66143E-03,-742.30527E-03
-538.00E-06,+162.48429E-03,-715.29522E-03
-537.00E-06,+158.71545E-03,-667.55653E-03
-536.00E-06,+154.31847E-03,-635.20728E-03
-535.00E-06,+149.92148E-03,-586.21231E-03
-534.00E-06,+145.68153E-03,-546.01130E-03
-533.00E-06,+141.91269E-03,-498.27261E-03
-532.00E-06,+137.57852E-03,-472.20477E-03
-531.00E-06,+133.21294E-03,-424.78015E-03
-530.00E-06,+128.72173E-03,-393.68718E-03
-529.00E-06,+124.19912E-03,-348.14698E-03
-528.00E-06,+119.73932E-03,-315.16959E-03
-527.00E-06,+115.12249E-03,-266.17462E-03
-526.00E-06,+111.07098E-03,-234.13944E-03
-525.00E-06,+106.70540E-03,-187.34296E-03
-524.00E-06,+102.93656E-03,-149.34045E-03
-523.00E-06,+98.69661E-03,-101.28769E-03
-522.00E-06,+94.33103E-03,-72.39322E-03
-521.00E-06,+89.61997E-03,-28.10930E-03
-520.00E-06,+84.72048E-03,+9.89322E-03
-519.00E-06,+80.32349E-03,+59.83040E-03
-518.00E-06,+75.98932E-03,+89.03894E-03
-517.00E-06,+71.65515E-03,+135.52136E-03
-516.00E-06,+67.25817E-03,+164.41583E-03
-515.00E-06,+63.11244E-03,+209.95603E-03
-514.00E-06,+58.74686E-03,+241.67713E-03
-513.00E-06,+54.41269E-03,+280.93593E-03
-512.00E-06,+49.95289E-03,+318.31030E-03
-511.00E-06,+45.77575E-03,+356.31281E-03
-510.00E-06,+41.47299E-03,+399.65452E-03
-509.00E-06,+37.35867E-03,+445.19472E-03
-508.00E-06,+32.80465E-03,+480.99874E-03
-507.00E-06,+28.37626E-03,+521.82788E-03
-506.00E-06,+24.10490E-03,+559.83040E-03
-505.00E-06,+19.48807E-03,+600.03140E-03
-504.00E-06,+15.15389E-03,+642.11683E-03
-503.00E-06,+10.91394E-03,+687.97110E-03
-502.00E-06,+6.92525E-03,+724.71733E-03
-501.00E-06,+2.74812E-03,+768.05904E-03
-500.00E-06,-1.27198E-03,+803.23492E-03
-499.00E-06,-5.85741E-03,+845.94848E-03
-498.00E-06,-10.44284E-03,+887.71984E-03
-497.00E-06,-14.93405E-03,+932.94597E-03
-496.00E-06,-18.73430E-03,+966.23743E-03
-495.00E-06,-23.03706E-03,+1.00989321E+00
-494.00E-06,-27.30842E-03,+1.04695351E+00
-493.00E-06,-31.54837E-03,+1.09217964E+00
-492.00E-06,-35.56847E-03,+1.12861180E+00
-491.00E-06,-40.09108E-03,+1.17509421E+00
-490.00E-06,-44.55088E-03,+1.20775752E+00
-489.00E-06,-48.72801E-03,+1.25078516E+00
-488.00E-06,-52.93656E-03,+1.28878767E+00
-487.00E-06,-57.42776E-03,+1.33432788E+00
-486.00E-06,-62.10741E-03,+1.36573491E+00
-485.00E-06,-66.56721E-03,+1.40248114E+00
-484.00E-06,-71.12123E-03,+1.44111179E+00
-483.00E-06,-75.23555E-03,+1.47565953E+00
-482.00E-06,-79.75816E-03,+1.51774496E+00
-481.00E-06,-83.87249E-03,+1.54192838E+00
-480.00E-06,-88.23806E-03,+1.58872486E+00
-479.00E-06,-92.82349E-03,+1.62076003E+00
-478.00E-06,-96.93781E-03,+1.66661430E+00
-477.00E-06,-101.30339E-03,+1.69519471E+00
-476.00E-06,-105.57475E-03,+1.74136305E+00
-475.00E-06,-110.12877E-03,+1.77371229E+00
-474.00E-06,-114.65138E-03,+1.81988063E+00
-473.00E-06,-119.20540E-03,+1.85191581E+00
-472.00E-06,-123.53957E-03,+1.89619973E+00
-471.00E-06,-127.87374E-03,+1.92886304E+00
-470.00E-06,-131.79962E-03,+1.96655149E+00
-469.00E-06,-136.22801E-03,+2.00643842E+00
-468.00E-06,-140.37374E-03,+2.04663943E+00
-467.00E-06,-144.51947E-03,+2.08401380E+00
-466.00E-06,-148.69661E-03,+2.11259420E+00
-465.00E-06,-153.15641E-03,+2.15656405E+00
-464.00E-06,-157.74183E-03,+2.18734294E+00
-463.00E-06,-161.82475E-03,+2.23413942E+00
-462.00E-06,-166.06470E-03,+2.26020726E+00
-461.00E-06,-169.92776E-03,+2.30354897E+00
-460.00E-06,-174.04208E-03,+2.33621229E+00
-459.00E-06,-178.06218E-03,+2.38018214E+00
-458.00E-06,-182.36495E-03,+2.41190324E+00
-457.00E-06,-186.57349E-03,+2.44959168E+00
-456.00E-06,-191.22173E-03,+2.48790826E+00
-455.00E-06,-195.61872E-03,+2.51900123E+00
-454.00E-06,-200.01570E-03,+2.56140073E+00
-453.00E-06,-204.00439E-03,+2.58150123E+00
-452.00E-06,-208.36997E-03,+2.62233037E+00
-451.00E-06,-212.45289E-03,+2.65122485E+00
-450.00E-06,-216.59862E-03,+2.68388816E+00
-449.00E-06,-220.80716E-03,+2.72408917E+00
-448.00E-06,-224.85867E-03,+2.75329771E+00
-447.00E-06,-228.97299E-03,+2.79601128E+00
-446.00E-06,-233.18153E-03,+2.82239319E+00
-445.00E-06,-237.54711E-03,+2.86259419E+00
-444.00E-06,-241.47299E-03,+2.89211680E+00
-443.00E-06,-245.49309E-03,+2.91849871E+00
-442.00E-06,-249.48178E-03,+2.95712937E+00
-441.00E-06,-253.56470E-03,+2.97754394E+00
-440.00E-06,-258.08731E-03,+3.01083539E+00
-439.00E-06,-262.35867E-03,+3.04663941E+00
-438.00E-06,-266.44158E-03,+3.06956655E+00
-437.00E-06,-270.52449E-03,+3.11008162E+00
-436.00E-06,-274.48178E-03,+3.13897610E+00
-435.00E-06,-278.69032E-03,+3.17446605E+00
-434.00E-06,-282.49057E-03,+3.20524494E+00
-433.00E-06,-286.51068E-03,+3.22377509E+00
-432.00E-06,-290.59359E-03,+3.25926504E+00
-431.00E-06,-294.64510E-03,+3.28847358E+00
-430.00E-06,-298.41394E-03,+3.30229268E+00
-429.00E-06,-302.27701E-03,+3.33338564E+00
-428.00E-06,-306.29711E-03,+3.36447861E+00
-427.00E-06,-310.50565E-03,+3.38049619E+00
-426.00E-06,-314.68279E-03,+3.40687810E+00
-425.00E-06,-318.82851E-03,+3.43922735E+00
-424.00E-06,-322.44032E-03,+3.45681529E+00
-423.00E-06,-326.49183E-03,+3.47785800E+00
-422.00E-06,-330.26067E-03,+3.51177760E+00
-421.00E-06,-334.15515E-03,+3.53219217E+00
-420.00E-06,-337.79836E-03,+3.54695348E+00
-419.00E-06,-341.44158E-03,+3.57427760E+00
-418.00E-06,-345.49309E-03,+3.60097358E+00
-417.00E-06,-349.54459E-03,+3.61510675E+00
-416.00E-06,-353.34485E-03,+3.62578514E+00
-415.00E-06,-356.92525E-03,+3.64557157E+00
-414.00E-06,-360.81972E-03,+3.67383790E+00
-413.00E-06,-364.24309E-03,+3.69016956E+00
-412.00E-06,-368.29459E-03,+3.69770725E+00
-411.00E-06,-372.06344E-03,+3.70712936E+00
-410.00E-06,-375.95791E-03,+3.72283287E+00
-409.00E-06,-379.47550E-03,+3.74356152E+00
-408.00E-06,-383.27575E-03,+3.76052132E+00
-407.00E-06,-386.73052E-03,+3.76994343E+00
-406.00E-06,-390.21670E-03,+3.77622483E+00
-405.00E-06,-393.79711E-03,+3.78219217E+00
-404.00E-06,-397.34610E-03,+3.78941579E+00
-403.00E-06,-401.08354E-03,+3.80103639E+00
-402.00E-06,-404.63253E-03,+3.81234292E+00
-401.00E-06,-408.40138E-03,+3.82364946E+00
-400.00E-06,-411.82474E-03,+3.83338564E+00
-399.00E-06,-415.49937E-03,+3.84092333E+00
-398.00E-06,-418.85992E-03,+3.84626252E+00
-397.00E-06,-422.31469E-03,+3.85003137E+00
-396.00E-06,-425.73806E-03,+3.85285800E+00
-395.00E-06,-429.09861E-03,+3.85411428E+00
-394.00E-06,-432.64761E-03,+3.85631277E+00
-393.00E-06,-435.63128E-03,+3.85694091E+00
-392.00E-06,-438.89761E-03,+3.85851127E+00
-391.00E-06,-442.50942E-03,+3.85913941E+00
-390.00E-06,-446.12123E-03,+3.86039569E+00
-389.00E-06,-449.67022E-03,+3.86133790E+00
-388.00E-06,-452.74811E-03,+3.86196604E+00
-387.00E-06,-456.23429E-03,+3.86259418E+00
-386.00E-06,-459.37500E-03,+3.86385046E+00
-385.00E-06,-462.92399E-03,+3.86416453E+00
-384.00E-06,-466.15891E-03,+3.86510674E+00
-383.00E-06,-469.33103E-03,+3.86542081E+00
-382.00E-06,-472.84861E-03,+3.86636302E+00
-381.00E-06,-476.02072E-03,+3.86699116E+00
-380.00E-06,-479.41268E-03,+3.86667709E+00
-379.00E-06,-482.52198E-03,+3.86793338E+00
-378.00E-06,-485.63128E-03,+3.86793338E+00
-377.00E-06,-488.86620E-03,+3.86793338E+00
-376.00E-06,-491.63002E-03,+3.86856152E+00
-375.00E-06,-494.86494E-03,+3.86981780E+00
-374.00E-06,-498.06846E-03,+3.86856152E+00
-373.00E-06,-500.80087E-03,+3.86824745E+00
-372.00E-06,-504.13002E-03,+3.86856152E+00
-371.00E-06,-506.92525E-03,+3.86824745E+00
-370.00E-06,-509.78329E-03,+3.86856152E+00
-369.00E-06,-512.95540E-03,+3.86856152E+00
-368.00E-06,-515.78203E-03,+3.86887559E+00
-367.00E-06,-518.95414E-03,+3.86887559E+00
-366.00E-06,-521.84359E-03,+3.86761931E+00
-365.00E-06,-524.41896E-03,+3.86824745E+00
-364.00E-06,-527.43404E-03,+3.86918966E+00
-363.00E-06,-530.22927E-03,+3.86761931E+00
-362.00E-06,-532.71042E-03,+3.86793338E+00
-361.00E-06,-535.72550E-03,+3.86793338E+00
-360.00E-06,-538.45791E-03,+3.86761931E+00
-359.00E-06,-541.00188E-03,+3.86636302E+00
-358.00E-06,-543.95414E-03,+3.86667709E+00
-357.00E-06,-546.74937E-03,+3.86667709E+00
-356.00E-06,-549.54459E-03,+3.86636302E+00
-355.00E-06,-552.40263E-03,+3.86636302E+00
-354.00E-06,-555.07223E-03,+3.86542081E+00
-353.00E-06,-557.61620E-03,+3.86542081E+00
-352.00E-06,-560.38002E-03,+3.86604895E+00
-351.00E-06,-562.98680E-03,+3.86573488E+00
-350.00E-06,-565.43655E-03,+3.86542081E+00
-349.00E-06,-568.16896E-03,+3.86447860E+00
-348.00E-06,-570.65012E-03,+3.86510674E+00
-347.00E-06,-572.91143E-03,+3.86542081E+00
-346.00E-06,-575.48680E-03,+3.86416453E+00
-345.00E-06,-578.18781E-03,+3.86416453E+00
-344.00E-06,-580.54334E-03,+3.86416453E+00
-343.00E-06,-583.21293E-03,+3.86447860E+00
-342.00E-06,-585.75690E-03,+3.86385046E+00
-341.00E-06,-587.98680E-03,+3.86385046E+00
-340.00E-06,-590.34233E-03,+3.86353639E+00
-339.00E-06,-592.94911E-03,+3.86353639E+00
-338.00E-06,-595.24183E-03,+3.86353639E+00
-337.00E-06,-597.50313E-03,+3.86353639E+00
-336.00E-06,-600.07851E-03,+3.86322232E+00
-335.00E-06,-602.49685E-03,+3.86290825E+00
-334.00E-06,-604.72675E-03,+3.86228011E+00
-333.00E-06,-607.17650E-03,+3.86228011E+00
-332.00E-06,-609.43781E-03,+3.86228011E+00
-331.00E-06,-611.29082E-03,+3.86196604E+00
-330.00E-06,-613.08102E-03,+3.86133790E+00
-329.00E-06,-615.24811E-03,+3.86102383E+00
-328.00E-06,-617.50942E-03,+3.86196604E+00
-327.00E-06,-619.36243E-03,+3.86133790E+00
-326.00E-06,-621.12122E-03,+3.86102383E+00
-325.00E-06,-623.22550E-03,+3.86070976E+00
-324.00E-06,-625.39258E-03,+3.86039569E+00
-323.00E-06,-627.21419E-03,+3.86070976E+00
-322.00E-06,-629.13002E-03,+3.86039569E+00
-321.00E-06,-631.20288E-03,+3.86039569E+00
-320.00E-06,-633.30715E-03,+3.86008162E+00
-319.00E-06,-634.94032E-03,+3.86008162E+00
-318.00E-06,-636.38504E-03,+3.86008162E+00
-317.00E-06,-638.08102E-03,+3.86008162E+00
-316.00E-06,-640.02826E-03,+3.86039569E+00
-315.00E-06,-641.75565E-03,+3.86008162E+00
-314.00E-06,-643.29459E-03,+3.85945348E+00
-313.00E-06,-644.95916E-03,+3.85976755E+00
-312.00E-06,-646.59233E-03,+3.85976755E+00
-311.00E-06,-648.44534E-03,+3.85945348E+00
-310.00E-06,-650.07851E-03,+3.85945348E+00
-309.00E-06,-651.42901E-03,+3.85913941E+00
-308.00E-06,-652.71670E-03,+3.85913941E+00
-307.00E-06,-654.25565E-03,+3.85913941E+00
-306.00E-06,-655.79459E-03,+3.85882534E+00
-305.00E-06,-657.52198E-03,+3.85882534E+00
-304.00E-06,-658.90389E-03,+3.85913941E+00
-303.00E-06,-660.12876E-03,+3.85851127E+00
-302.00E-06,-661.51067E-03,+3.85788312E+00
-301.00E-06,-663.11243E-03,+3.85851127E+00
-300.00E-06,-664.68278E-03,+3.85851127E+00
-299.00E-06,-666.06469E-03,+3.85882534E+00
-298.00E-06,-667.41519E-03,+3.85819719E+00
-297.00E-06,-668.57725E-03,+3.85851127E+00
-296.00E-06,-669.92776E-03,+3.85819719E+00
-295.00E-06,-671.34107E-03,+3.85788312E+00
-294.00E-06,-672.75439E-03,+3.85725498E+00
-293.00E-06,-673.85364E-03,+3.85788312E+00
-292.00E-06,-675.01570E-03,+3.85725498E+00
-291.00E-06,-675.98931E-03,+3.85725498E+00
-290.00E-06,-676.93153E-03,+3.85725498E+00
-289.00E-06,-678.06218E-03,+3.85694091E+00
-288.00E-06,-679.22424E-03,+3.85725498E+00
-287.00E-06,-680.44911E-03,+3.85662684E+00
-286.00E-06,-681.54836E-03,+3.85599870E+00
-285.00E-06,-682.49057E-03,+3.85662684E+00
-284.00E-06,-683.43278E-03,+3.85694091E+00
-283.00E-06,-684.12374E-03,+3.85631277E+00
-282.00E-06,-684.97173E-03,+3.85694091E+00
-281.00E-06,-685.88253E-03,+3.85631277E+00
-280.00E-06,-686.76193E-03,+3.85599870E+00
-279.00E-06,-687.39007E-03,+3.85631277E+00
-278.00E-06,-688.30087E-03,+3.85599870E+00
-277.00E-06,-689.11745E-03,+3.85568463E+00
-276.00E-06,-689.93404E-03,+3.85599870E+00
-275.00E-06,-690.59359E-03,+3.85568463E+00
-274.00E-06,-691.22173E-03,+3.85537056E+00
-273.00E-06,-691.78705E-03,+3.85505649E+00
-272.00E-06,-692.41519E-03,+3.85537056E+00
-271.00E-06,-692.88630E-03,+3.85474242E+00
-270.00E-06,-693.57725E-03,+3.85474242E+00
-269.00E-06,-694.17399E-03,+3.85505649E+00
-268.00E-06,-694.67650E-03,+3.85474242E+00
-267.00E-06,-695.14761E-03,+3.85474242E+00
-266.00E-06,-695.71293E-03,+3.85474242E+00
-265.00E-06,-696.24685E-03,+3.85411428E+00
-264.00E-06,-696.68655E-03,+3.85474242E+00
-263.00E-06,-697.09484E-03,+3.85411428E+00
-262.00E-06,-697.50313E-03,+3.85348614E+00
-261.00E-06,-697.81720E-03,+3.85348614E+00
-260.00E-06,-698.16268E-03,+3.85348614E+00
-259.00E-06,-698.44534E-03,+3.85348614E+00
-258.00E-06,-698.69660E-03,+3.85348614E+00
-257.00E-06,-698.94786E-03,+3.85348614E+00
-256.00E-06,-699.07348E-03,+3.85380021E+00
-255.00E-06,-699.10489E-03,+3.85285800E+00
-254.00E-06,-699.45037E-03,+3.85285800E+00
-253.00E-06,-699.38756E-03,+3.85317207E+00
-252.00E-06,-699.63881E-03,+3.85254393E+00
-251.00E-06,-699.70163E-03,+3.85254393E+00
-250.00E-06,-699.67022E-03,+3.85254393E+00
-249.00E-06,-699.79585E-03,+3.85222986E+00
-248.00E-06,-699.67022E-03,+3.85222986E+00
-247.00E-06,-699.76444E-03,+3.85222986E+00
-246.00E-06,-699.54459E-03,+3.85191579E+00
-245.00E-06,-699.48178E-03,+3.85160172E+00
-244.00E-06,-699.45037E-03,+3.85128765E+00
-243.00E-06,-699.23052E-03,+3.85128765E+00
-242.00E-06,-699.13630E-03,+3.85128765E+00
-241.00E-06,-698.88504E-03,+3.85097358E+00
-240.00E-06,-698.72801E-03,+3.85034544E+00
-239.00E-06,-698.44534E-03,+3.85065951E+00
-238.00E-06,-698.19409E-03,+3.85097358E+00
-237.00E-06,-697.84861E-03,+3.85034544E+00
-236.00E-06,-697.47173E-03,+3.85003137E+00
-235.00E-06,-697.18906E-03,+3.84940323E+00
-234.00E-06,-696.74936E-03,+3.85003137E+00
-233.00E-06,-696.30967E-03,+3.85003137E+00
-232.00E-06,-695.77575E-03,+3.84940323E+00
-231.00E-06,-695.27323E-03,+3.84940323E+00
-230.00E-06,-694.58228E-03,+3.84908915E+00
-229.00E-06,-694.14258E-03,+3.84908915E+00
-228.00E-06,-693.54585E-03,+3.84846101E+00
-227.00E-06,-693.04333E-03,+3.84877508E+00
-226.00E-06,-692.50941E-03,+3.84877508E+00
-225.00E-06,-691.94409E-03,+3.84814694E+00
-224.00E-06,-691.31595E-03,+3.84751880E+00
-223.00E-06,-690.59359E-03,+3.84783287E+00
-222.00E-06,-689.93404E-03,+3.84783287E+00
-221.00E-06,-689.18027E-03,+3.84689066E+00
-220.00E-06,-688.42650E-03,+3.84626252E+00
-219.00E-06,-687.51570E-03,+3.84689066E+00
-218.00E-06,-686.76193E-03,+3.84594845E+00
-217.00E-06,-685.85112E-03,+3.84657659E+00
-216.00E-06,-685.06595E-03,+3.84657659E+00
-215.00E-06,-684.24936E-03,+3.84594845E+00
-214.00E-06,-683.33856E-03,+3.84532031E+00
-213.00E-06,-682.61620E-03,+3.84532031E+00
-212.00E-06,-681.45414E-03,+3.84469217E+00
-211.00E-06,-680.41771E-03,+3.84532031E+00
-210.00E-06,-679.28705E-03,+3.84500624E+00
-209.00E-06,-678.15640E-03,+3.84500624E+00
-208.00E-06,-677.08856E-03,+3.84406403E+00
-207.00E-06,-676.05213E-03,+3.84406403E+00
-206.00E-06,-675.04710E-03,+3.84312182E+00
-205.00E-06,-673.94786E-03,+3.84374996E+00
-204.00E-06,-672.75439E-03,+3.84343589E+00
-203.00E-06,-671.37248E-03,+3.84406403E+00
-202.00E-06,-669.99057E-03,+3.84280775E+00
-201.00E-06,-668.64007E-03,+3.84123740E+00
-200.00E-06,-667.38379E-03,+3.84249368E+00
-199.00E-06,-666.15891E-03,+3.84155147E+00
-198.00E-06,-664.65137E-03,+3.84123740E+00
-197.00E-06,-663.14384E-03,+3.84123740E+00
-196.00E-06,-661.66771E-03,+3.84029519E+00
-195.00E-06,-660.19158E-03,+3.84060926E+00
-194.00E-06,-658.99811E-03,+3.83966704E+00
-193.00E-06,-657.64761E-03,+3.84029519E+00
-192.00E-06,-656.10866E-03,+3.84029519E+00
-191.00E-06,-654.38127E-03,+3.83998111E+00
-190.00E-06,-652.74811E-03,+3.83872483E+00
-189.00E-06,-651.55464E-03,+3.83809669E+00
-188.00E-06,-650.17273E-03,+3.83903890E+00
-187.00E-06,-648.47675E-03,+3.83715448E+00
-186.00E-06,-646.78077E-03,+3.83778262E+00
-185.00E-06,-644.95916E-03,+3.83652634E+00
-184.00E-06,-643.51444E-03,+3.83621227E+00
-183.00E-06,-641.97550E-03,+3.83589820E+00
-182.00E-06,-640.05967E-03,+3.83621227E+00
-181.00E-06,-638.17524E-03,+3.83527006E+00
-180.00E-06,-636.54208E-03,+3.83558413E+00
-179.00E-06,-635.00313E-03,+3.83527006E+00
-178.00E-06,-633.36997E-03,+3.83558413E+00
-177.00E-06,-631.29710E-03,+3.83464192E+00
-176.00E-06,-629.25565E-03,+3.83338564E+00
-175.00E-06,-627.37122E-03,+3.83307157E+00
-174.00E-06,-625.42399E-03,+3.83212936E+00
-173.00E-06,-623.35112E-03,+3.83150122E+00
-172.00E-06,-621.24685E-03,+3.83244343E+00
-171.00E-06,-619.39384E-03,+3.83212936E+00
-170.00E-06,-617.60364E-03,+3.83118714E+00
-169.00E-06,-615.27952E-03,+3.83087307E+00
-168.00E-06,-613.23806E-03,+3.82961679E+00
-167.00E-06,-611.29082E-03,+3.83087307E+00
-166.00E-06,-609.43781E-03,+3.82993086E+00
-165.00E-06,-607.30213E-03,+3.83024493E+00
-164.00E-06,-604.91519E-03,+3.82930272E+00
-163.00E-06,-602.52826E-03,+3.82898865E+00
-162.00E-06,-600.17273E-03,+3.82773237E+00
-161.00E-06,-597.66017E-03,+3.82836051E+00
-160.00E-06,-595.43027E-03,+3.82679016E+00
-159.00E-06,-593.04334E-03,+3.82647609E+00
-158.00E-06,-590.40514E-03,+3.82553388E+00
-157.00E-06,-588.11243E-03,+3.82616202E+00
-156.00E-06,-585.94535E-03,+3.82679016E+00
-155.00E-06,-583.30715E-03,+3.82647609E+00
-154.00E-06,-580.73178E-03,+3.82459167E+00
-153.00E-06,-578.34484E-03,+3.82396353E+00
-152.00E-06,-575.73806E-03,+3.82459167E+00
-151.00E-06,-573.13128E-03,+3.82302132E+00
-150.00E-06,-570.65012E-03,+3.82333539E+00
-149.00E-06,-568.23178E-03,+3.82302132E+00
-148.00E-06,-565.43655E-03,+3.82239318E+00
-147.00E-06,-563.01821E-03,+3.82176503E+00
-146.00E-06,-560.56846E-03,+3.82082282E+00
-145.00E-06,-557.64761E-03,+3.82082282E+00
-144.00E-06,-555.16645E-03,+3.81956654E+00
-143.00E-06,-552.55967E-03,+3.82050875E+00
-142.00E-06,-549.60741E-03,+3.81862433E+00
-141.00E-06,-546.87499E-03,+3.81925247E+00
-140.00E-06,-544.07977E-03,+3.81799619E+00
-139.00E-06,-541.09610E-03,+3.81831026E+00
-138.00E-06,-538.67776E-03,+3.81736805E+00
-137.00E-06,-535.91394E-03,+3.81768212E+00
-136.00E-06,-532.89886E-03,+3.81736805E+00
-135.00E-06,-530.32349E-03,+3.81579770E+00
-134.00E-06,-527.62248E-03,+3.81516956E+00
-133.00E-06,-524.57600E-03,+3.81454142E+00
-132.00E-06,-522.06344E-03,+3.81297106E+00
-131.00E-06,-518.98555E-03,+3.81265699E+00
-130.00E-06,-515.90766E-03,+3.81234292E+00
-129.00E-06,-513.04962E-03,+3.81077257E+00
-128.00E-06,-509.84610E-03,+3.80888815E+00
-127.00E-06,-507.01947E-03,+3.80983036E+00
-126.00E-06,-504.38128E-03,+3.80826001E+00
-125.00E-06,-501.14635E-03,+3.80637559E+00
-124.00E-06,-498.16268E-03,+3.80449117E+00
-123.00E-06,-495.05339E-03,+3.80386302E+00
-122.00E-06,-491.88128E-03,+3.80197860E+00
-121.00E-06,-489.05464E-03,+3.80040825E+00
-120.00E-06,-485.69409E-03,+3.79946604E+00
-119.00E-06,-482.58479E-03,+3.79663941E+00
-118.00E-06,-479.53831E-03,+3.79506905E+00
-117.00E-06,-476.14635E-03,+3.79287056E+00
-116.00E-06,-472.97424E-03,+3.79098614E+00
-115.00E-06,-469.42525E-03,+3.78910172E+00
-114.00E-06,-466.37876E-03,+3.78753137E+00
-113.00E-06,-463.11243E-03,+3.78501880E+00
-112.00E-06,-459.50062E-03,+3.78313438E+00
-111.00E-06,-456.26570E-03,+3.78093589E+00
-110.00E-06,-452.77952E-03,+3.77967961E+00
-109.00E-06,-449.76444E-03,+3.77779519E+00
-108.00E-06,-446.37248E-03,+3.77591076E+00
-107.00E-06,-442.76067E-03,+3.77371227E+00
-106.00E-06,-439.05464E-03,+3.77057157E+00
-105.00E-06,-435.69409E-03,+3.76680272E+00
-104.00E-06,-432.77324E-03,+3.76177760E+00
-103.00E-06,-429.25565E-03,+3.75266956E+00
-102.00E-06,-425.89510E-03,+3.74104895E+00
-101.00E-06,-422.47173E-03,+3.72974242E+00
-100.00E-06,-418.92273E-03,+3.71780775E+00
-99.00E-06,-415.65640E-03,+3.70744343E+00
-98.00E-06,-411.88756E-03,+3.70021981E+00
-97.00E-06,-408.43278E-03,+3.69613690E+00
-96.00E-06,-404.60113E-03,+3.68985549E+00
-95.00E-06,-401.17776E-03,+3.67823489E+00
-94.00E-06,-397.56595E-03,+3.65970473E+00
-93.00E-06,-394.04836E-03,+3.63866202E+00
-92.00E-06,-390.46796E-03,+3.62390071E+00
-91.00E-06,-386.91897E-03,+3.61542082E+00
-90.00E-06,-383.55841E-03,+3.60537056E+00
-89.00E-06,-379.69535E-03,+3.58401378E+00
-88.00E-06,-376.30339E-03,+3.55731780E+00
-87.00E-06,-372.15766E-03,+3.53941579E+00
-86.00E-06,-368.57726E-03,+3.52779519E+00
-85.00E-06,-364.55716E-03,+3.50643840E+00
-84.00E-06,-360.97675E-03,+3.47503137E+00
-83.00E-06,-357.05088E-03,+3.45681529E+00
-82.00E-06,-353.53329E-03,+3.44016956E+00
-81.00E-06,-349.70163E-03,+3.41064695E+00
-80.00E-06,-345.74434E-03,+3.38300876E+00
-79.00E-06,-341.69284E-03,+3.36981780E+00
-78.00E-06,-337.95540E-03,+3.34437810E+00
-77.00E-06,-334.31218E-03,+3.31140072E+00
-76.00E-06,-330.51193E-03,+3.29381278E+00
-75.00E-06,-326.68027E-03,+3.27528263E+00
-74.00E-06,-322.75439E-03,+3.23822233E+00
-73.00E-06,-319.20540E-03,+3.21498112E+00
-72.00E-06,-314.83982E-03,+3.19331027E+00
-71.00E-06,-310.91394E-03,+3.15562183E+00
-70.00E-06,-306.64258E-03,+3.12861178E+00
-69.00E-06,-302.55967E-03,+3.09374997E+00
-68.00E-06,-298.60238E-03,+3.06045851E+00
-67.00E-06,-294.83354E-03,+3.03784544E+00
-66.00E-06,-290.75063E-03,+2.99827258E+00
-65.00E-06,-286.85615E-03,+2.97283288E+00
-64.00E-06,-282.61620E-03,+2.94770725E+00
-63.00E-06,-278.94158E-03,+2.90750625E+00
-62.00E-06,-274.60741E-03,+2.88803389E+00
-61.00E-06,-270.74434E-03,+2.85411429E+00
-60.00E-06,-266.53580E-03,+2.81611178E+00
-59.00E-06,-262.67274E-03,+2.78878766E+00
-58.00E-06,-258.30716E-03,+2.74607409E+00
-57.00E-06,-253.94158E-03,+2.71843590E+00
-56.00E-06,-249.76444E-03,+2.67666454E+00
-55.00E-06,-245.71294E-03,+2.64777007E+00
-54.00E-06,-241.69284E-03,+2.61542083E+00
-53.00E-06,-237.73555E-03,+2.57867460E+00
-52.00E-06,-233.46419E-03,+2.55763188E+00
-51.00E-06,-229.19284E-03,+2.51366203E+00
-50.00E-06,-225.07852E-03,+2.48351128E+00
-49.00E-06,-220.96419E-03,+2.44268213E+00
-48.00E-06,-216.72424E-03,+2.40907661E+00
-47.00E-06,-212.42148E-03,+2.37515701E+00
-46.00E-06,-208.43279E-03,+2.33338565E+00
-45.00E-06,-204.22424E-03,+2.29758163E+00
-44.00E-06,-200.04711E-03,+2.25706656E+00
-43.00E-06,-195.77575E-03,+2.22974244E+00
-42.00E-06,-191.50439E-03,+2.18451631E+00
-41.00E-06,-186.91897E-03,+2.15373741E+00
-40.00E-06,-182.64761E-03,+2.10756907E+00
-39.00E-06,-178.28203E-03,+2.08212937E+00
-38.00E-06,-174.48178E-03,+2.04067209E+00
-37.00E-06,-170.27324E-03,+2.00361179E+00
-36.00E-06,-166.34736E-03,+1.96215450E+00
-35.00E-06,-162.17022E-03,+1.92697862E+00
-34.00E-06,-158.02450E-03,+1.88960425E+00
-33.00E-06,-153.50188E-03,+1.84940325E+00
-32.00E-06,-148.88505E-03,+1.81422737E+00
-31.00E-06,-144.83354E-03,+1.77214194E+00
-30.00E-06,-140.68781E-03,+1.73476757E+00
-29.00E-06,-136.41646E-03,+1.69268214E+00
-28.00E-06,-132.17651E-03,+1.66190325E+00
-27.00E-06,-128.12500E-03,+1.61699119E+00
-26.00E-06,-123.82223E-03,+1.58464194E+00
-25.00E-06,-119.51947E-03,+1.53784546E+00
-24.00E-06,-114.90264E-03,+1.51460426E+00
-23.00E-06,-110.44284E-03,+1.46969220E+00
-22.00E-06,-105.92022E-03,+1.43797109E+00
-21.00E-06,-101.55465E-03,+1.39525752E+00
-20.00E-06,-97.22048E-03,+1.36385049E+00
-19.00E-06,-93.01193E-03,+1.32584798E+00
-18.00E-06,-88.74058E-03,+1.28470476E+00
-17.00E-06,-84.02952E-03,+1.24261933E+00
-16.00E-06,-79.91520E-03,+1.20493089E+00
-15.00E-06,-75.48681E-03,+1.16724245E+00
-14.00E-06,-71.21545E-03,+1.12484295E+00
-13.00E-06,-66.69284E-03,+1.08401381E+00
-12.00E-06,-62.26445E-03,+1.04255652E+00
-11.00E-06,-57.67902E-03,+1.00078517E+00
-10.00E-06,-53.12500E-03,+962.46858E-03
-9.00E-06,-48.94786E-03,+924.78014E-03
-8.00E-06,-44.77073E-03,+881.75250E-03
-7.00E-06,-40.34234E-03,+835.89823E-03
-6.00E-06,-35.91394E-03,+799.46607E-03
-5.00E-06,-31.73681E-03,+756.75250E-03
-4.00E-06,-27.62249E-03,+720.00627E-03
-3.00E-06,-23.47676E-03,+677.60678E-03
-2.00E-06,-19.11118E-03,+635.83542E-03
-1.00E-06,-15.27952E-03,+590.29522E-03
+0.0E+00,-10.72550E-03,+555.74748E-03
+1.00E-06,-6.26570E-03,+510.20728E-03
+2.00E-06,-1.74309E-03,+475.34547E-03
+3.00E-06,+2.40264E-03,+432.00376E-03
+4.00E-06,+6.54837E-03,+392.74497E-03
+5.00E-06,+10.53706E-03,+343.43593E-03
+6.00E-06,+14.99686E-03,+312.34296E-03
+7.00E-06,+19.23681E-03,+268.68718E-03
+8.00E-06,+23.63379E-03,+236.02387E-03
+9.00E-06,+28.09359E-03,+196.76507E-03
+10.00E-06,+32.49058E-03,+158.76256E-03
+11.00E-06,+37.07600E-03,+122.01633E-03
+12.00E-06,+41.22173E-03,+80.55904E-03
+13.00E-06,+45.52450E-03,+45.06909E-03
+14.00E-06,+49.60741E-03,-785.18E-06
+15.00E-06,+54.09862E-03,-41.92839E-03
+16.00E-06,+58.68404E-03,-80.24497E-03
+17.00E-06,+63.30088E-03,-114.47864E-03
+18.00E-06,+67.50942E-03,-160.33291E-03
+19.00E-06,+71.81219E-03,-204.61683E-03
+20.00E-06,+76.20917E-03,-243.24748E-03
+21.00E-06,+80.54334E-03,-282.50628E-03
+22.00E-06,+84.97173E-03,-324.90578E-03
+23.00E-06,+89.77701E-03,-365.10678E-03
+24.00E-06,+94.45666E-03,-402.79522E-03
+25.00E-06,+98.53957E-03,-440.48366E-03
+26.00E-06,+102.62249E-03,-480.99874E-03
+27.00E-06,+106.42274E-03,-514.29020E-03
+28.00E-06,+110.75691E-03,-562.02889E-03
+29.00E-06,+114.87123E-03,-608.51130E-03
+30.00E-06,+119.42525E-03,-646.82788E-03
+31.00E-06,+123.85364E-03,-688.59924E-03
+32.00E-06,+128.47048E-03,-726.28768E-03
+33.00E-06,+132.93027E-03,-764.29019E-03
+34.00E-06,+137.26445E-03,-805.74748E-03
+35.00E-06,+141.63002E-03,-847.83291E-03
+36.00E-06,+145.43027E-03,-887.40577E-03
+37.00E-06,+149.51319E-03,-927.92084E-03
+38.00E-06,+153.84736E-03,-966.55150E-03
+39.00E-06,+158.40138E-03,-1.00612436E+00
+40.00E-06,+162.13882E-03,-1.04632537E+00
+41.00E-06,+166.37877E-03,-1.08903893E+00
+42.00E-06,+170.49309E-03,-1.12798366E+00
+43.00E-06,+174.79585E-03,-1.16724245E+00
+44.00E-06,+178.81595E-03,-1.20775752E+00
+45.00E-06,+183.15012E-03,-1.24733039E+00
+46.00E-06,+187.10741E-03,-1.28941582E+00
+47.00E-06,+191.44158E-03,-1.33181531E+00
+48.00E-06,+195.80716E-03,-1.36950375E+00
+49.00E-06,+200.14133E-03,-1.40436556E+00
+50.00E-06,+204.22424E-03,-1.44676506E+00
+51.00E-06,+208.58982E-03,-1.48602385E+00
+52.00E-06,+213.04962E-03,-1.52842335E+00
+53.00E-06,+217.13254E-03,-1.56673993E+00
+54.00E-06,+221.37249E-03,-1.60756908E+00
+55.00E-06,+225.36118E-03,-1.64462938E+00
+56.00E-06,+229.60113E-03,-1.68671481E+00
+57.00E-06,+233.62123E-03,-1.71906405E+00
+58.00E-06,+237.76696E-03,-1.76303390E+00
+59.00E-06,+241.84987E-03,-1.79035802E+00
+60.00E-06,+245.99560E-03,-1.83652636E+00
+61.00E-06,+249.79585E-03,-1.86918968E+00
+62.00E-06,+253.91017E-03,-1.91661430E+00
+63.00E-06,+258.15012E-03,-1.94519470E+00
+64.00E-06,+262.32726E-03,-1.99230526E+00
+65.00E-06,+266.15892E-03,-2.02339822E+00
+66.00E-06,+270.30465E-03,-2.06956656E+00
+67.00E-06,+274.04208E-03,-2.10537058E+00
+68.00E-06,+278.06218E-03,-2.15373741E+00
+69.00E-06,+281.64258E-03,-2.18765701E+00
+70.00E-06,+285.47424E-03,-2.23413942E+00
+71.00E-06,+289.49434E-03,-2.25926505E+00
+72.00E-06,+293.57726E-03,-2.29915199E+00
+73.00E-06,+297.50314E-03,-2.33432786E+00
+74.00E-06,+301.58605E-03,-2.37609922E+00
+75.00E-06,+305.44912E-03,-2.41472987E+00
+76.00E-06,+309.37500E-03,-2.45555902E+00
+77.00E-06,+313.23806E-03,-2.49073490E+00
+78.00E-06,+317.38379E-03,-2.51774495E+00
+79.00E-06,+321.15263E-03,-2.56359922E+00
+80.00E-06,+324.73304E-03,-2.59908917E+00
+81.00E-06,+328.81595E-03,-2.64368716E+00
+82.00E-06,+332.86746E-03,-2.66661429E+00
+83.00E-06,+337.01319E-03,-2.70869972E+00
+84.00E-06,+340.97047E-03,-2.74104897E+00
+85.00E-06,+344.83354E-03,-2.78124997E+00
+86.00E-06,+348.31972E-03,-2.81422736E+00
+87.00E-06,+352.15138E-03,-2.84594846E+00
+88.00E-06,+355.41771E-03,-2.88834796E+00
+89.00E-06,+359.12374E-03,-2.91472987E+00
+90.00E-06,+362.76696E-03,-2.95901379E+00
+91.00E-06,+366.69284E-03,-2.98508163E+00
+92.00E-06,+369.92776E-03,-3.02653891E+00
+93.00E-06,+373.47675E-03,-3.05763188E+00
+94.00E-06,+376.90012E-03,-3.08715449E+00
+95.00E-06,+380.22927E-03,-3.13018213E+00
+96.00E-06,+383.84108E-03,-3.15907660E+00
+97.00E-06,+387.10741E-03,-3.20461680E+00
+98.00E-06,+390.90766E-03,-3.22911429E+00
+99.00E-06,+394.51947E-03,-3.27245600E+00
+100.00E-06,+398.19409E-03,-3.29915197E+00
+101.00E-06,+401.99434E-03,-3.33118715E+00
+102.00E-06,+405.76319E-03,-3.37044594E+00
+103.00E-06,+409.34359E-03,-3.39651378E+00
+104.00E-06,+412.73555E-03,-3.43922735E+00
+105.00E-06,+416.28454E-03,-3.46341077E+00
+106.00E-06,+419.39384E-03,-3.49670222E+00
+107.00E-06,+422.88002E-03,-3.53344845E+00
+108.00E-06,+426.30339E-03,-3.55794594E+00
+109.00E-06,+429.91520E-03,-3.60065951E+00
+110.00E-06,+433.27575E-03,-3.62484293E+00
+111.00E-06,+436.51067E-03,-3.66033288E+00
+112.00E-06,+439.87123E-03,-3.69550875E+00
+113.00E-06,+443.13756E-03,-3.71529519E+00
+114.00E-06,+446.59233E-03,-3.75486805E+00
+115.00E-06,+449.92148E-03,-3.78093589E+00
+116.00E-06,+453.09359E-03,-3.80826001E+00
+117.00E-06,+456.45414E-03,-3.84814694E+00
+118.00E-06,+459.40640E-03,-3.87201629E+00
+119.00E-06,+462.64133E-03,-3.90907659E+00
+120.00E-06,+465.62500E-03,-3.93891327E+00
+121.00E-06,+468.26319E-03,-3.96184041E+00
+122.00E-06,+471.71796E-03,-4.00298363E+00
+123.00E-06,+475.10992E-03,-4.02465448E+00
+124.00E-06,+478.50188E-03,-4.05166453E+00
+125.00E-06,+481.89384E-03,-4.09060925E+00
+126.00E-06,+484.81469E-03,-4.11228011E+00
+127.00E-06,+488.20665E-03,-4.14682785E+00
+128.00E-06,+490.87625E-03,-4.17823488E+00
+129.00E-06,+493.70288E-03,-4.19362433E+00
+130.00E-06,+496.93781E-03,-4.22722985E+00
+131.00E-06,+499.76444E-03,-4.25800875E+00
+132.00E-06,+502.84233E-03,-4.27716704E+00
+133.00E-06,+505.70037E-03,-4.31359920E+00
+134.00E-06,+508.33856E-03,-4.34060925E+00
+135.00E-06,+511.41645E-03,-4.36196603E+00
+136.00E-06,+514.30590E-03,-4.39934041E+00
+137.00E-06,+517.22675E-03,-4.42352382E+00
+138.00E-06,+520.30464E-03,-4.44173990E+00
+139.00E-06,+522.75439E-03,-4.47974241E+00
+140.00E-06,+525.64384E-03,-4.50266955E+00
+141.00E-06,+528.62751E-03,-4.51711679E+00
+142.00E-06,+531.42273E-03,-4.55135045E+00
+143.00E-06,+534.21796E-03,-4.57961679E+00
+144.00E-06,+537.13881E-03,-4.59689065E+00
+145.00E-06,+539.61997E-03,-4.63049618E+00
+146.00E-06,+542.22675E-03,-4.65939065E+00
+147.00E-06,+544.92776E-03,-4.67383789E+00
+148.00E-06,+547.34610E-03,-4.70304643E+00
+149.00E-06,+550.04710E-03,-4.73445347E+00
+150.00E-06,+552.68530E-03,-4.75486804E+00
+151.00E-06,+555.16645E-03,-4.78344844E+00
+152.00E-06,+557.61620E-03,-4.81485548E+00
+153.00E-06,+560.34861E-03,-4.82898864E+00
+154.00E-06,+562.82977E-03,-4.84720472E+00
+155.00E-06,+565.34233E-03,-4.87955397E+00
+156.00E-06,+568.01193E-03,-4.90185296E+00
+157.00E-06,+570.58731E-03,-4.91284542E+00
+158.00E-06,+573.06846E-03,-4.93577256E+00
+159.00E-06,+575.73806E-03,-4.96812181E+00
+160.00E-06,+578.03077E-03,-4.98696603E+00
+161.00E-06,+580.22927E-03,-5.00392583E+00
+162.00E-06,+582.67901E-03,-5.03753135E+00
+163.00E-06,+585.03454E-03,-5.06014442E+00
+164.00E-06,+586.82474E-03,-5.07302130E+00
+165.00E-06,+588.70916E-03,-5.09406402E+00
+166.00E-06,+590.90766E-03,-5.12138814E+00
+167.00E-06,+593.20037E-03,-5.13866201E+00
+168.00E-06,+595.05339E-03,-5.14714190E+00
+169.00E-06,+596.84359E-03,-5.15153889E+00
+170.00E-06,+599.26193E-03,-5.15813437E+00
+171.00E-06,+601.42901E-03,-5.16567206E+00
+172.00E-06,+603.25062E-03,-5.17478010E+00
+173.00E-06,+605.29208E-03,-5.18325999E+00
+174.00E-06,+607.49057E-03,-5.18985547E+00
+175.00E-06,+609.56344E-03,-5.19707909E+00
+176.00E-06,+611.19660E-03,-5.20116200E+00
+177.00E-06,+612.86117E-03,-5.20461678E+00
+178.00E-06,+614.90263E-03,-5.20712934E+00
+179.00E-06,+617.03831E-03,-5.20838562E+00
+180.00E-06,+618.85992E-03,-5.20995597E+00
+181.00E-06,+620.33605E-03,-5.21246854E+00
+182.00E-06,+622.18906E-03,-5.21341075E+00
+183.00E-06,+624.23052E-03,-5.21403889E+00
+184.00E-06,+625.89509E-03,-5.21435296E+00
+185.00E-06,+627.08856E-03,-5.21341075E+00
+186.00E-06,+628.50188E-03,-5.21466703E+00
+187.00E-06,+630.22926E-03,-5.21466703E+00
+188.00E-06,+632.01947E-03,-5.21592331E+00
+189.00E-06,+633.65263E-03,-5.21498110E+00
+190.00E-06,+634.90891E-03,-5.21435296E+00
+191.00E-06,+636.10238E-03,-5.21435296E+00
+192.00E-06,+637.70414E-03,-5.21435296E+00
+193.00E-06,+639.30590E-03,-5.21403889E+00
+194.00E-06,+641.06469E-03,-5.21278261E+00
+195.00E-06,+642.35238E-03,-5.21309668E+00
+196.00E-06,+643.45163E-03,-5.21215447E+00
+197.00E-06,+644.39384E-03,-5.21215447E+00
+198.00E-06,+645.80715E-03,-5.21184040E+00
+199.00E-06,+647.28328E-03,-5.20995597E+00
+200.00E-06,+648.82223E-03,-5.21027004E+00
+201.00E-06,+650.01570E-03,-5.20964190E+00
+202.00E-06,+650.89509E-03,-5.20838562E+00
+203.00E-06,+651.96293E-03,-5.20869969E+00
+204.00E-06,+653.09359E-03,-5.20650120E+00
+205.00E-06,+654.31846E-03,-5.20555899E+00
+206.00E-06,+655.54333E-03,-5.20524492E+00
+207.00E-06,+656.95665E-03,-5.20398864E+00
+208.00E-06,+657.99308E-03,-5.20273236E+00
+209.00E-06,+658.77826E-03,-5.20210422E+00
+210.00E-06,+659.50062E-03,-5.20084793E+00
+211.00E-06,+660.34861E-03,-5.19990572E+00
+212.00E-06,+661.35364E-03,-5.19927758E+00
+213.00E-06,+662.42148E-03,-5.19990572E+00
+214.00E-06,+663.70916E-03,-5.19707909E+00
+215.00E-06,+664.61997E-03,-5.19550874E+00
+216.00E-06,+665.62499E-03,-5.19550874E+00
+217.00E-06,+666.34735E-03,-5.19456653E+00
+218.00E-06,+666.97550E-03,-5.19362432E+00
+219.00E-06,+667.69786E-03,-5.19331025E+00
+220.00E-06,+668.35740E-03,-5.19268211E+00
+221.00E-06,+669.17399E-03,-5.19299618E+00
+222.00E-06,+669.95916E-03,-5.18985547E+00
+223.00E-06,+670.86997E-03,-5.18797105E+00
+224.00E-06,+671.71796E-03,-5.18859919E+00
+225.00E-06,+672.53454E-03,-5.18734291E+00
+226.00E-06,+673.35112E-03,-5.18608663E+00
+227.00E-06,+673.97926E-03,-5.18702884E+00
+228.00E-06,+674.48178E-03,-5.18451628E+00
+229.00E-06,+674.95288E-03,-5.18483035E+00
+230.00E-06,+675.48680E-03,-5.18483035E+00
+231.00E-06,+675.95791E-03,-5.18294592E+00
+232.00E-06,+676.30338E-03,-5.18200371E+00
+233.00E-06,+676.80590E-03,-5.18043336E+00
+234.00E-06,+677.30841E-03,-5.18106150E+00
+235.00E-06,+677.77952E-03,-5.17980522E+00
+236.00E-06,+678.28203E-03,-5.17949115E+00
+237.00E-06,+678.75313E-03,-5.17823487E+00
+238.00E-06,+679.22424E-03,-5.17886301E+00
+239.00E-06,+679.69534E-03,-5.17792080E+00
+240.00E-06,+679.94660E-03,-5.17635045E+00
+241.00E-06,+680.22926E-03,-5.17697859E+00
+242.00E-06,+680.60615E-03,-5.17446602E+00
+243.00E-06,+681.01444E-03,-5.17572231E+00
+244.00E-06,+681.04585E-03,-5.17415195E+00
+245.00E-06,+681.32851E-03,-5.17446602E+00
+246.00E-06,+681.45414E-03,-5.17383788E+00
+247.00E-06,+681.51695E-03,-5.17383788E+00
+248.00E-06,+681.70539E-03,-5.17320974E+00
+249.00E-06,+681.86243E-03,-5.17258160E+00
+250.00E-06,+681.89384E-03,-5.17195346E+00
+251.00E-06,+681.86243E-03,-5.17132532E+00
+252.00E-06,+681.86243E-03,-5.17069718E+00
+253.00E-06,+681.83102E-03,-5.17038311E+00
+254.00E-06,+681.73680E-03,-5.17069718E+00
+255.00E-06,+681.64258E-03,-5.16975497E+00
+256.00E-06,+681.61117E-03,-5.17038311E+00
+257.00E-06,+681.51695E-03,-5.17038311E+00
+258.00E-06,+681.32851E-03,-5.17006904E+00
+259.00E-06,+681.10866E-03,-5.16912683E+00
+260.00E-06,+680.82600E-03,-5.16912683E+00
+261.00E-06,+680.44911E-03,-5.16975497E+00
+262.00E-06,+680.41771E-03,-5.16818462E+00
+263.00E-06,+679.94660E-03,-5.16849869E+00
+264.00E-06,+679.66394E-03,-5.16849869E+00
+265.00E-06,+679.09861E-03,-5.16818462E+00
+266.00E-06,+678.87876E-03,-5.16818462E+00
+267.00E-06,+678.34484E-03,-5.16755648E+00
+268.00E-06,+677.84233E-03,-5.16849869E+00
+269.00E-06,+677.43404E-03,-5.16818462E+00
+270.00E-06,+676.96293E-03,-5.16818462E+00
+271.00E-06,+676.49183E-03,-5.16755648E+00
+272.00E-06,+675.98931E-03,-5.16692834E+00
+273.00E-06,+675.48680E-03,-5.16755648E+00
+274.00E-06,+675.04710E-03,-5.16787055E+00
+275.00E-06,+674.60740E-03,-5.16755648E+00
+276.00E-06,+673.97926E-03,-5.16630020E+00
+277.00E-06,+673.31972E-03,-5.16818462E+00
+278.00E-06,+672.69158E-03,-5.16630020E+00
+279.00E-06,+671.96921E-03,-5.16755648E+00
+280.00E-06,+671.02700E-03,-5.16598613E+00
+281.00E-06,+670.08479E-03,-5.16661427E+00
+282.00E-06,+669.26821E-03,-5.16692834E+00
+283.00E-06,+668.45163E-03,-5.16567206E+00
+284.00E-06,+667.63504E-03,-5.16755648E+00
+285.00E-06,+667.16394E-03,-5.16598613E+00
+286.00E-06,+666.50439E-03,-5.16692834E+00
+287.00E-06,+665.71921E-03,-5.16661427E+00
+288.00E-06,+664.77700E-03,-5.16661427E+00
+289.00E-06,+663.80338E-03,-5.16661427E+00
+290.00E-06,+662.64132E-03,-5.16692834E+00
+291.00E-06,+661.44786E-03,-5.16692834E+00
+292.00E-06,+660.50565E-03,-5.16692834E+00
+293.00E-06,+659.65766E-03,-5.16598613E+00
+294.00E-06,+658.77826E-03,-5.16630020E+00
+295.00E-06,+657.96168E-03,-5.16724241E+00
+296.00E-06,+657.01947E-03,-5.16661427E+00
+297.00E-06,+655.85741E-03,-5.16661427E+00
+298.00E-06,+654.44409E-03,-5.16567206E+00
+299.00E-06,+653.15640E-03,-5.16567206E+00
+300.00E-06,+651.99434E-03,-5.16661427E+00
+301.00E-06,+650.95791E-03,-5.16661427E+00
+302.00E-06,+650.01570E-03,-5.16535798E+00
+303.00E-06,+648.79082E-03,-5.16472984E+00
+304.00E-06,+647.31469E-03,-5.16410170E+00
+305.00E-06,+645.80715E-03,-5.16378763E+00
+306.00E-06,+644.48806E-03,-5.16315949E+00
+307.00E-06,+643.38881E-03,-5.16315949E+00
+308.00E-06,+642.28957E-03,-5.16347356E+00
+309.00E-06,+640.90766E-03,-5.16096100E+00
+310.00E-06,+639.40012E-03,-5.16033286E+00
+311.00E-06,+637.60992E-03,-5.15939065E+00
+312.00E-06,+636.00816E-03,-5.15907658E+00
+313.00E-06,+634.81469E-03,-5.15719216E+00
+314.00E-06,+633.65263E-03,-5.15624994E+00
+315.00E-06,+631.89384E-03,-5.15530773E+00
+316.00E-06,+629.97801E-03,-5.15405145E+00
+317.00E-06,+628.28203E-03,-5.15310924E+00
+318.00E-06,+626.96293E-03,-5.15122482E+00
+319.00E-06,+625.64384E-03,-5.15059668E+00
+320.00E-06,+623.88504E-03,-5.14902633E+00
+321.00E-06,+621.84359E-03,-5.14714190E+00
+322.00E-06,+619.95916E-03,-5.14525748E+00
+323.00E-06,+618.38881E-03,-5.14211678E+00
+324.00E-06,+616.50439E-03,-5.13457909E+00
+325.00E-06,+614.14886E-03,-5.12264442E+00
+326.00E-06,+612.07600E-03,-5.09908914E+00
+327.00E-06,+610.38002E-03,-5.07679015E+00
+328.00E-06,+608.52700E-03,-5.06171477E+00
+329.00E-06,+606.17148E-03,-5.03658914E+00
+330.00E-06,+603.94158E-03,-5.00423990E+00
+331.00E-06,+601.96293E-03,-4.98602382E+00
+332.00E-06,+599.89007E-03,-4.96812181E+00
+333.00E-06,+597.53454E-03,-4.93577256E+00
+334.00E-06,+595.36746E-03,-4.91410171E+00
+335.00E-06,+593.51444E-03,-4.90310924E+00
+336.00E-06,+591.22173E-03,-4.88426502E+00
+337.00E-06,+589.02323E-03,-4.85160171E+00
+338.00E-06,+587.13881E-03,-4.83150120E+00
+339.00E-06,+585.06595E-03,-4.81988060E+00
+340.00E-06,+582.96168E-03,-4.79412683E+00
+341.00E-06,+580.57474E-03,-4.76271980E+00
+342.00E-06,+578.37625E-03,-4.74356151E+00
+343.00E-06,+575.98932E-03,-4.71906402E+00
+344.00E-06,+573.22550E-03,-4.68451628E+00
+345.00E-06,+570.80715E-03,-4.66598613E+00
+346.00E-06,+568.42022E-03,-4.64808412E+00
+347.00E-06,+565.59359E-03,-4.61322231E+00
+348.00E-06,+563.01821E-03,-4.58872483E+00
+349.00E-06,+560.63128E-03,-4.57145096E+00
+350.00E-06,+557.80464E-03,-4.53815950E+00
+351.00E-06,+555.26067E-03,-4.51114945E+00
+352.00E-06,+552.96796E-03,-4.49890071E+00
+353.00E-06,+550.36118E-03,-4.47094844E+00
+354.00E-06,+547.56595E-03,-4.43671478E+00
+355.00E-06,+545.11620E-03,-4.42132533E+00
+356.00E-06,+542.60364E-03,-4.39494342E+00
+357.00E-06,+539.68278E-03,-4.35976754E+00
+358.00E-06,+537.39007E-03,-4.34092332E+00
+359.00E-06,+534.62625E-03,-4.31422734E+00
+360.00E-06,+531.67399E-03,-4.27810925E+00
+361.00E-06,+528.84736E-03,-4.25957910E+00
+362.00E-06,+525.76947E-03,-4.23005649E+00
+363.00E-06,+522.91143E-03,-4.19613689E+00
+364.00E-06,+520.43027E-03,-4.18043337E+00
+365.00E-06,+517.32097E-03,-4.15342332E+00
+366.00E-06,+514.43153E-03,-4.11667709E+00
+367.00E-06,+511.51067E-03,-4.09532031E+00
+368.00E-06,+508.43278E-03,-4.06014443E+00
+369.00E-06,+505.88881E-03,-4.02842332E+00
+370.00E-06,+502.99937E-03,-4.01146352E+00
+371.00E-06,+500.01570E-03,-3.97408915E+00
+372.00E-06,+497.12625E-03,-3.94488061E+00
+373.00E-06,+493.79711E-03,-3.92258162E+00
+374.00E-06,+490.93907E-03,-3.88363689E+00
+375.00E-06,+488.20665E-03,-3.85851127E+00
+376.00E-06,+485.16017E-03,-3.82804644E+00
+377.00E-06,+481.92525E-03,-3.79035800E+00
+378.00E-06,+478.65891E-03,-3.76900122E+00
+379.00E-06,+475.20414E-03,-3.73194091E+00
+380.00E-06,+471.87499E-03,-3.70367458E+00
+381.00E-06,+468.35741E-03,-3.67980524E+00
+382.00E-06,+465.75062E-03,-3.64023237E+00
+383.00E-06,+462.82977E-03,-3.61667710E+00
+384.00E-06,+459.68907E-03,-3.58401378E+00
+385.00E-06,+456.64258E-03,-3.54695348E+00
+386.00E-06,+453.21922E-03,-3.52308413E+00
+387.00E-06,+450.04711E-03,-3.48162685E+00
+388.00E-06,+446.74937E-03,-3.45838564E+00
+389.00E-06,+443.32600E-03,-3.42540825E+00
+390.00E-06,+440.18530E-03,-3.38740574E+00
+391.00E-06,+436.69912E-03,-3.36353640E+00
+392.00E-06,+433.55841E-03,-3.32050876E+00
+393.00E-06,+430.04082E-03,-3.29538313E+00
+394.00E-06,+426.52324E-03,-3.26052132E+00
+395.00E-06,+423.22550E-03,-3.22408916E+00
+396.00E-06,+419.64510E-03,-3.19550876E+00
+397.00E-06,+416.56721E-03,-3.15185298E+00
+398.00E-06,+413.08103E-03,-3.12484293E+00
+399.00E-06,+409.68907E-03,-3.08055901E+00
+400.00E-06,+406.07726E-03,-3.05417710E+00
+401.00E-06,+402.21419E-03,-3.02025751E+00
+402.00E-06,+398.41394E-03,-2.98225499E+00
+403.00E-06,+394.83354E-03,-2.95681529E+00
+404.00E-06,+391.22173E-03,-2.91190324E+00
+405.00E-06,+387.51570E-03,-2.88646354E+00
+406.00E-06,+384.09233E-03,-2.84155148E+00
+407.00E-06,+380.51193E-03,-2.81391329E+00
+408.00E-06,+377.30841E-03,-2.78062183E+00
+409.00E-06,+373.75942E-03,-2.74042082E+00
+410.00E-06,+370.24183E-03,-2.70901379E+00
+411.00E-06,+366.91268E-03,-2.66630022E+00
+412.00E-06,+363.04962E-03,-2.64494344E+00
+413.00E-06,+359.40640E-03,-2.60285801E+00
+414.00E-06,+355.57474E-03,-2.56705399E+00
+415.00E-06,+352.30841E-03,-2.52182786E+00
+416.00E-06,+348.50816E-03,-2.49356153E+00
+417.00E-06,+345.02198E-03,-2.46089821E+00
+418.00E-06,+341.15892E-03,-2.41818465E+00
+419.00E-06,+337.17022E-03,-2.38112435E+00
+420.00E-06,+332.96168E-03,-2.33872485E+00
+421.00E-06,+328.94158E-03,-2.30606153E+00
+422.00E-06,+325.01570E-03,-2.26397611E+00
+423.00E-06,+321.24686E-03,-2.24104897E+00
+424.00E-06,+317.60364E-03,-2.19550877E+00
+425.00E-06,+313.61495E-03,-2.16190324E+00
+426.00E-06,+309.81470E-03,-2.11416455E+00
+427.00E-06,+305.82600E-03,-2.07930274E+00
+428.00E-06,+301.83731E-03,-2.03219219E+00
+429.00E-06,+297.84861E-03,-2.00172737E+00
+430.00E-06,+293.92274E-03,-1.95524495E+00
+431.00E-06,+289.77701E-03,-1.92666455E+00
+432.00E-06,+285.85113E-03,-1.88269470E+00
+433.00E-06,+281.83103E-03,-1.84689068E+00
+434.00E-06,+278.28203E-03,-1.80354898E+00
+435.00E-06,+274.38756E-03,-1.77151380E+00
+436.00E-06,+270.55590E-03,-1.73665199E+00
+437.00E-06,+266.37877E-03,-1.69613692E+00
+438.00E-06,+262.76696E-03,-1.66253139E+00
+439.00E-06,+258.40138E-03,-1.61856154E+00
+440.00E-06,+254.06721E-03,-1.58495601E+00
+441.00E-06,+250.01570E-03,-1.53878767E+00
+442.00E-06,+246.34108E-03,-1.50549622E+00
+443.00E-06,+242.19535E-03,-1.45869973E+00
+444.00E-06,+238.14384E-03,-1.42509421E+00
+445.00E-06,+233.84108E-03,-1.37892586E+00
+446.00E-06,+229.85238E-03,-1.35160174E+00
+447.00E-06,+225.64384E-03,-1.30354898E+00
+448.00E-06,+221.43530E-03,-1.26931531E+00
+449.00E-06,+217.32098E-03,-1.22063441E+00
+450.00E-06,+213.14384E-03,-1.19048366E+00
+451.00E-06,+208.71545E-03,-1.14211682E+00
+452.00E-06,+204.34987E-03,-1.11165200E+00
+453.00E-06,+200.26696E-03,-1.06265702E+00
+454.00E-06,+195.96419E-03,-1.03062185E+00
+455.00E-06,+191.72424E-03,-983.19723E-03
+456.00E-06,+187.48429E-03,-952.73240E-03
+457.00E-06,+183.30716E-03,-904.05150E-03
+458.00E-06,+179.06721E-03,-872.95853E-03
+459.00E-06,+175.01570E-03,-825.21984E-03
+460.00E-06,+170.74434E-03,-790.98617E-03
+461.00E-06,+166.63002E-03,-741.99120E-03
+462.00E-06,+162.39007E-03,-714.66708E-03
+463.00E-06,+158.43279E-03,-665.35803E-03
+464.00E-06,+154.28706E-03,-635.52135E-03
+465.00E-06,+149.92148E-03,-585.27009E-03
+466.00E-06,+145.68153E-03,-545.38316E-03
+467.00E-06,+141.88128E-03,-498.27261E-03
+468.00E-06,+137.48430E-03,-471.57663E-03
+469.00E-06,+133.24435E-03,-423.20979E-03
+470.00E-06,+128.78455E-03,-394.00125E-03
+471.00E-06,+124.23053E-03,-347.20477E-03
+472.00E-06,+119.67651E-03,-314.54145E-03
+473.00E-06,+115.21671E-03,-264.91834E-03
+474.00E-06,+110.97676E-03,-234.13944E-03
+475.00E-06,+106.64259E-03,-186.71482E-03
+476.00E-06,+102.77952E-03,-148.08417E-03
+477.00E-06,+98.69661E-03,-99.71734E-03
+478.00E-06,+94.29962E-03,-72.39322E-03
+479.00E-06,+89.52575E-03,-26.53894E-03
+480.00E-06,+84.72048E-03,+10.52136E-03
+481.00E-06,+80.22927E-03,+60.14447E-03
+482.00E-06,+75.89510E-03,+90.60930E-03
+483.00E-06,+71.52952E-03,+135.83543E-03
+484.00E-06,+67.22676E-03,+165.04397E-03
+485.00E-06,+63.17525E-03,+210.27010E-03
+486.00E-06,+58.71545E-03,+241.99120E-03
+487.00E-06,+54.41269E-03,+281.56407E-03
+488.00E-06,+49.92148E-03,+318.31030E-03
+489.00E-06,+45.83857E-03,+356.62688E-03
+490.00E-06,+41.44158E-03,+400.28266E-03
+491.00E-06,+37.29585E-03,+445.50879E-03
+492.00E-06,+32.80465E-03,+481.31281E-03
+493.00E-06,+28.34485E-03,+521.19974E-03
+494.00E-06,+23.94786E-03,+559.83040E-03
+495.00E-06,+19.42525E-03,+600.34547E-03
+496.00E-06,+15.21671E-03,+642.74497E-03
+497.00E-06,+10.75691E-03,+687.02889E-03
+498.00E-06,+6.92525E-03,+724.71733E-03
+499.00E-06,+2.62249E-03,+767.74497E-03
+500.00E-06,-1.30339E-03,+803.54899E-03
+501.00E-06,-5.88882E-03,+846.89069E-03
+502.00E-06,-10.53706E-03,+887.40577E-03
+503.00E-06,-14.93405E-03,+934.51632E-03
+504.00E-06,-18.79711E-03,+967.17964E-03
+505.00E-06,-23.13128E-03,+1.00989321E+00
+506.00E-06,-27.37123E-03,+1.04695351E+00
+507.00E-06,-31.54837E-03,+1.09312185E+00
+508.00E-06,-35.69410E-03,+1.12923994E+00
+509.00E-06,-40.09108E-03,+1.17446607E+00
+510.00E-06,-44.64510E-03,+1.20775752E+00
+511.00E-06,-48.85364E-03,+1.24984295E+00
+512.00E-06,-52.99937E-03,+1.28847360E+00
+513.00E-06,-57.52198E-03,+1.33432788E+00
+514.00E-06,-62.10741E-03,+1.36510677E+00
+515.00E-06,-66.63002E-03,+1.40248114E+00
+516.00E-06,-70.99560E-03,+1.44142586E+00
+517.00E-06,-75.32977E-03,+1.47440325E+00
+518.00E-06,-79.78957E-03,+1.51805903E+00
+519.00E-06,-83.93530E-03,+1.54349873E+00
+520.00E-06,-88.36369E-03,+1.58998114E+00
+521.00E-06,-92.85490E-03,+1.62138817E+00
+522.00E-06,-97.00063E-03,+1.66755651E+00
+523.00E-06,-101.27198E-03,+1.69645099E+00
+524.00E-06,-105.57475E-03,+1.74073491E+00
+525.00E-06,-110.09736E-03,+1.77528264E+00
+526.00E-06,-114.71419E-03,+1.82019470E+00
+527.00E-06,-119.23681E-03,+1.85191581E+00
+528.00E-06,-123.50816E-03,+1.89525752E+00
+529.00E-06,-127.87374E-03,+1.92886304E+00
+530.00E-06,-131.89384E-03,+1.96749370E+00
+531.00E-06,-136.07098E-03,+2.00675249E+00
+532.00E-06,-140.27952E-03,+2.04726757E+00
+533.00E-06,-144.67651E-03,+2.08432787E+00
+534.00E-06,-148.69661E-03,+2.11228013E+00
+535.00E-06,-153.15641E-03,+2.15719219E+00
+536.00E-06,-157.74183E-03,+2.18702887E+00
+537.00E-06,-161.91897E-03,+2.23382535E+00
+538.00E-06,-166.15892E-03,+2.25989319E+00
+539.00E-06,-169.95917E-03,+2.30354897E+00
+540.00E-06,-174.07349E-03,+2.33684043E+00
+541.00E-06,-178.15641E-03,+2.38081028E+00
+542.00E-06,-182.39635E-03,+2.41158917E+00
+543.00E-06,-186.69912E-03,+2.44959168E+00
+544.00E-06,-191.34736E-03,+2.48602384E+00
+545.00E-06,-195.68153E-03,+2.51962937E+00
+546.00E-06,-200.04711E-03,+2.56108666E+00
+547.00E-06,-204.09862E-03,+2.58244344E+00
+548.00E-06,-208.36997E-03,+2.62295851E+00
+549.00E-06,-212.48429E-03,+2.65059671E+00
+550.00E-06,-216.66143E-03,+2.68326002E+00
+551.00E-06,-220.86997E-03,+2.72408917E+00
+552.00E-06,-224.98429E-03,+2.75298364E+00
+553.00E-06,-228.94158E-03,+2.79758163E+00
+554.00E-06,-233.24434E-03,+2.82239319E+00
+555.00E-06,-237.48429E-03,+2.86322233E+00
+556.00E-06,-241.44158E-03,+2.89180273E+00
+557.00E-06,-245.68153E-03,+2.91755650E+00
+558.00E-06,-249.57600E-03,+2.95744344E+00
+559.00E-06,-253.75314E-03,+2.97722987E+00
+560.00E-06,-257.96168E-03,+3.01146354E+00
+561.00E-06,-262.35867E-03,+3.04695348E+00
+562.00E-06,-266.31595E-03,+3.06925248E+00
+563.00E-06,-270.46168E-03,+3.11102384E+00
+564.00E-06,-274.51319E-03,+3.13834796E+00
+565.00E-06,-278.62751E-03,+3.17415198E+00
+566.00E-06,-282.52198E-03,+3.20618715E+00
+567.00E-06,-286.60490E-03,+3.22377509E+00
+568.00E-06,-290.56218E-03,+3.25832283E+00
+569.00E-06,-294.55088E-03,+3.28784544E+00
+570.00E-06,-298.35113E-03,+3.30260675E+00
+571.00E-06,-302.33982E-03,+3.33432785E+00
+572.00E-06,-306.39133E-03,+3.36447861E+00
+573.00E-06,-310.59987E-03,+3.38049619E+00
+574.00E-06,-314.68279E-03,+3.40656403E+00
+575.00E-06,-318.85992E-03,+3.44048363E+00
+576.00E-06,-322.53454E-03,+3.45650122E+00
+577.00E-06,-326.42902E-03,+3.47942835E+00
+578.00E-06,-330.29208E-03,+3.51271981E+00
+579.00E-06,-334.06093E-03,+3.53219217E+00
+580.00E-06,-337.82977E-03,+3.54601127E+00
+581.00E-06,-341.41017E-03,+3.57364946E+00
+582.00E-06,-345.55590E-03,+3.60160172E+00
+583.00E-06,-349.57600E-03,+3.61510675E+00
+584.00E-06,-353.34485E-03,+3.62609921E+00
+585.00E-06,-356.92525E-03,+3.64808413E+00
+586.00E-06,-360.81972E-03,+3.67195348E+00
+587.00E-06,-364.36871E-03,+3.69079770E+00
+588.00E-06,-368.26319E-03,+3.69707911E+00
+589.00E-06,-372.00062E-03,+3.70650122E+00
+590.00E-06,-375.95791E-03,+3.72251880E+00
+591.00E-06,-379.44409E-03,+3.74261931E+00
+592.00E-06,-383.33856E-03,+3.76020725E+00
+593.00E-06,-386.63630E-03,+3.76962936E+00
+594.00E-06,-390.18530E-03,+3.77622483E+00
+595.00E-06,-393.85992E-03,+3.78187810E+00
+596.00E-06,-397.31469E-03,+3.78972986E+00
+597.00E-06,-401.14635E-03,+3.80103639E+00
+598.00E-06,-404.63253E-03,+3.81265699E+00
+599.00E-06,-408.40138E-03,+3.82521981E+00
+600.00E-06,-411.79334E-03,+3.83338564E+00
+601.00E-06,-415.56218E-03,+3.84092333E+00
+602.00E-06,-418.85992E-03,+3.84657659E+00
+603.00E-06,-422.34610E-03,+3.85034544E+00
+604.00E-06,-425.73806E-03,+3.85285800E+00
+605.00E-06,-429.06721E-03,+3.85411428E+00
+606.00E-06,-432.64761E-03,+3.85599870E+00
+607.00E-06,-435.56846E-03,+3.85756905E+00
+608.00E-06,-438.96042E-03,+3.85851127E+00
+609.00E-06,-442.54082E-03,+3.85913941E+00
+610.00E-06,-446.18404E-03,+3.85976755E+00
+611.00E-06,-449.63881E-03,+3.86165197E+00
+612.00E-06,-452.68530E-03,+3.86228011E+00
+613.00E-06,-456.20288E-03,+3.86322232E+00
+614.00E-06,-459.40640E-03,+3.86416453E+00
+615.00E-06,-462.95540E-03,+3.86447860E+00
+616.00E-06,-466.19032E-03,+3.86573488E+00
+617.00E-06,-469.36243E-03,+3.86542081E+00
+618.00E-06,-472.84861E-03,+3.86667709E+00
+619.00E-06,-476.02072E-03,+3.86730523E+00
+620.00E-06,-479.38128E-03,+3.86730523E+00
+621.00E-06,-482.42776E-03,+3.86793338E+00
+622.00E-06,-485.56846E-03,+3.86730523E+00
+623.00E-06,-488.86620E-03,+3.86793338E+00
+624.00E-06,-491.72424E-03,+3.86856152E+00
+625.00E-06,-494.95917E-03,+3.86824745E+00
+626.00E-06,-498.03705E-03,+3.86824745E+00
+627.00E-06,-500.83228E-03,+3.86856152E+00
+628.00E-06,-504.06721E-03,+3.86887559E+00
+629.00E-06,-506.92525E-03,+3.86887559E+00
+630.00E-06,-509.81469E-03,+3.86856152E+00
+631.00E-06,-512.95540E-03,+3.86761931E+00
+632.00E-06,-515.81344E-03,+3.86856152E+00
+633.00E-06,-518.89133E-03,+3.86824745E+00
+634.00E-06,-521.74937E-03,+3.86793338E+00
+635.00E-06,-524.38756E-03,+3.86887559E+00
+636.00E-06,-527.43404E-03,+3.86730523E+00
+637.00E-06,-530.22927E-03,+3.86793338E+00
+638.00E-06,-532.67901E-03,+3.86761931E+00
+639.00E-06,-535.72550E-03,+3.86761931E+00
+640.00E-06,-538.48932E-03,+3.86667709E+00
+641.00E-06,-540.97047E-03,+3.86667709E+00
+642.00E-06,-543.92273E-03,+3.86667709E+00
+643.00E-06,-546.74937E-03,+3.86793338E+00
+644.00E-06,-549.54459E-03,+3.86636302E+00
+645.00E-06,-552.40263E-03,+3.86542081E+00
+646.00E-06,-554.97801E-03,+3.86636302E+00
+647.00E-06,-557.58479E-03,+3.86604895E+00
+648.00E-06,-560.38002E-03,+3.86573488E+00
+649.00E-06,-562.95540E-03,+3.86573488E+00
+650.00E-06,-565.24811E-03,+3.86510674E+00
+651.00E-06,-568.20037E-03,+3.86479267E+00
+652.00E-06,-570.68153E-03,+3.86510674E+00
+653.00E-06,-572.91143E-03,+3.86479267E+00
+654.00E-06,-575.64384E-03,+3.86447860E+00
+655.00E-06,-578.21921E-03,+3.86447860E+00
+656.00E-06,-580.57474E-03,+3.86416453E+00
+657.00E-06,-583.30715E-03,+3.86416453E+00
+658.00E-06,-585.78831E-03,+3.86353639E+00
+659.00E-06,-587.95540E-03,+3.86385046E+00
+660.00E-06,-590.37374E-03,+3.86353639E+00
+661.00E-06,-593.04334E-03,+3.86322232E+00
+662.00E-06,-595.08479E-03,+3.86259418E+00
+663.00E-06,-597.50313E-03,+3.86385046E+00
+664.00E-06,-600.04710E-03,+3.86290825E+00
+665.00E-06,-602.43404E-03,+3.86290825E+00
+666.00E-06,-604.75816E-03,+3.86228011E+00
+667.00E-06,-607.14509E-03,+3.86228011E+00
+668.00E-06,-609.37499E-03,+3.86290825E+00
+669.00E-06,-611.29082E-03,+3.86196604E+00
+670.00E-06,-613.04962E-03,+3.86165197E+00
+671.00E-06,-615.34233E-03,+3.86165197E+00
+672.00E-06,-617.41519E-03,+3.86133790E+00
+673.00E-06,-619.36243E-03,+3.86196604E+00
+674.00E-06,-621.02700E-03,+3.86133790E+00
+675.00E-06,-623.16268E-03,+3.86102383E+00
+676.00E-06,-625.32977E-03,+3.86102383E+00
+677.00E-06,-627.18278E-03,+3.86165197E+00
+678.00E-06,-629.09861E-03,+3.86070976E+00
+679.00E-06,-631.14007E-03,+3.86070976E+00
+680.00E-06,-633.21293E-03,+3.85976755E+00
+681.00E-06,-634.94032E-03,+3.85976755E+00
+682.00E-06,-636.41645E-03,+3.86008162E+00
+683.00E-06,-638.11243E-03,+3.86008162E+00
+684.00E-06,-639.99685E-03,+3.86008162E+00
+685.00E-06,-641.81846E-03,+3.86008162E+00
+686.00E-06,-643.45163E-03,+3.86008162E+00
+687.00E-06,-644.95916E-03,+3.85913941E+00
+688.00E-06,-646.71796E-03,+3.85945348E+00
+689.00E-06,-648.44534E-03,+3.85945348E+00
+690.00E-06,-650.04710E-03,+3.85913941E+00
+691.00E-06,-651.39761E-03,+3.85913941E+00
+692.00E-06,-652.74811E-03,+3.85913941E+00
+693.00E-06,-654.34987E-03,+3.85851127E+00
+694.00E-06,-655.79459E-03,+3.85882534E+00
+695.00E-06,-657.52198E-03,+3.85882534E+00
+696.00E-06,-658.87248E-03,+3.85851127E+00
+697.00E-06,-660.12876E-03,+3.85882534E+00
+698.00E-06,-661.44786E-03,+3.85819719E+00
+699.00E-06,-662.98680E-03,+3.85819719E+00
+700.00E-06,-664.58856E-03,+3.85819719E+00
+701.00E-06,-666.09610E-03,+3.85882534E+00
+702.00E-06,-667.32097E-03,+3.85788312E+00
+703.00E-06,-668.51444E-03,+3.85819719E+00
+704.00E-06,-669.86494E-03,+3.85788312E+00
+705.00E-06,-671.34107E-03,+3.85788312E+00
+706.00E-06,-672.69158E-03,+3.85819719E+00
+707.00E-06,-673.88504E-03,+3.85788312E+00
+708.00E-06,-675.01570E-03,+3.85788312E+00
+709.00E-06,-675.95791E-03,+3.85725498E+00
+710.00E-06,-677.02575E-03,+3.85756905E+00
+711.00E-06,-678.15640E-03,+3.85725498E+00
+712.00E-06,-679.28705E-03,+3.85694091E+00
+713.00E-06,-680.51193E-03,+3.85756905E+00
+714.00E-06,-681.57977E-03,+3.85694091E+00
+715.00E-06,-682.49057E-03,+3.85725498E+00
+716.00E-06,-683.33856E-03,+3.85694091E+00
+717.00E-06,-684.15514E-03,+3.85694091E+00
+718.00E-06,-684.94032E-03,+3.85631277E+00
+719.00E-06,-685.85112E-03,+3.85631277E+00
+720.00E-06,-686.73052E-03,+3.85599870E+00
+721.00E-06,-687.51570E-03,+3.85631277E+00
+722.00E-06,-688.39509E-03,+3.85599870E+00
+723.00E-06,-689.27449E-03,+3.85568463E+00
+724.00E-06,-689.93404E-03,+3.85599870E+00
+725.00E-06,-690.65640E-03,+3.85568463E+00
+726.00E-06,-691.25313E-03,+3.85599870E+00
+727.00E-06,-691.88127E-03,+3.85537056E+00
+728.00E-06,-692.41519E-03,+3.85537056E+00
+729.00E-06,-693.04333E-03,+3.85505649E+00
+730.00E-06,-693.64007E-03,+3.85505649E+00
+731.00E-06,-694.20539E-03,+3.85505649E+00
+732.00E-06,-694.77072E-03,+3.85474242E+00
+733.00E-06,-695.30464E-03,+3.85442835E+00
+734.00E-06,-695.74434E-03,+3.85442835E+00
+735.00E-06,-696.27826E-03,+3.85474242E+00
+736.00E-06,-696.78077E-03,+3.85442835E+00
+737.00E-06,-697.15766E-03,+3.85411428E+00
+738.00E-06,-697.56595E-03,+3.85411428E+00
+739.00E-06,-697.84861E-03,+3.85411428E+00
+740.00E-06,-698.13127E-03,+3.85411428E+00
+741.00E-06,-698.50816E-03,+3.85348614E+00
+742.00E-06,-698.72801E-03,+3.85380021E+00
+743.00E-06,-698.94786E-03,+3.85348614E+00
+744.00E-06,-699.10489E-03,+3.85380021E+00
+745.00E-06,-699.19911E-03,+3.85317207E+00
+746.00E-06,-699.35615E-03,+3.85317207E+00
+747.00E-06,-699.41896E-03,+3.85317207E+00
+748.00E-06,-699.60740E-03,+3.85317207E+00
+749.00E-06,-699.70163E-03,+3.85317207E+00
+750.00E-06,-699.76444E-03,+3.85348614E+00
+751.00E-06,-699.79585E-03,+3.85285800E+00
+752.00E-06,-699.67022E-03,+3.85254393E+00
+753.00E-06,-699.76444E-03,+3.85222986E+00
+754.00E-06,-699.60740E-03,+3.85222986E+00
+755.00E-06,-699.45037E-03,+3.85222986E+00
+756.00E-06,-699.45037E-03,+3.85222986E+00
+757.00E-06,-699.19911E-03,+3.85128765E+00
+758.00E-06,-699.19911E-03,+3.85160172E+00
+759.00E-06,-698.88504E-03,+3.85097358E+00
+760.00E-06,-698.66519E-03,+3.85128765E+00
+761.00E-06,-698.41394E-03,+3.85065951E+00
+762.00E-06,-698.19409E-03,+3.85097358E+00
+763.00E-06,-697.81720E-03,+3.85065951E+00
+764.00E-06,-697.50313E-03,+3.85034544E+00
+765.00E-06,-697.12625E-03,+3.85034544E+00
+766.00E-06,-696.71796E-03,+3.85065951E+00
+767.00E-06,-696.24685E-03,+3.84971730E+00
+768.00E-06,-695.71293E-03,+3.84908915E+00
+769.00E-06,-695.30464E-03,+3.84940323E+00
+770.00E-06,-694.77072E-03,+3.84971730E+00
+771.00E-06,-694.26821E-03,+3.84908915E+00
+772.00E-06,-693.54585E-03,+3.84908915E+00
+773.00E-06,-693.04333E-03,+3.84877508E+00
+774.00E-06,-692.50941E-03,+3.84846101E+00
+775.00E-06,-691.81846E-03,+3.84814694E+00
+776.00E-06,-691.19032E-03,+3.84846101E+00
+777.00E-06,-690.62499E-03,+3.84751880E+00
+778.00E-06,-689.90263E-03,+3.84814694E+00
+779.00E-06,-689.27449E-03,+3.84783287E+00
+780.00E-06,-688.36369E-03,+3.84751880E+00
+781.00E-06,-687.51570E-03,+3.84657659E+00
+782.00E-06,-686.66771E-03,+3.84657659E+00
+783.00E-06,-685.75690E-03,+3.84626252E+00
+784.00E-06,-685.00313E-03,+3.84563438E+00
+785.00E-06,-684.21796E-03,+3.84594845E+00
+786.00E-06,-683.33856E-03,+3.84563438E+00
+787.00E-06,-682.42776E-03,+3.84563438E+00
+788.00E-06,-681.54836E-03,+3.84532031E+00
+789.00E-06,-680.38630E-03,+3.84469217E+00
+790.00E-06,-679.31846E-03,+3.84469217E+00
+791.00E-06,-678.15640E-03,+3.84469217E+00
+792.00E-06,-677.11997E-03,+3.84406403E+00
+793.00E-06,-676.02072E-03,+3.84374996E+00
+794.00E-06,-675.04710E-03,+3.84312182E+00
+795.00E-06,-673.94786E-03,+3.84343589E+00
+796.00E-06,-672.66017E-03,+3.84374996E+00
+797.00E-06,-671.37248E-03,+3.84343589E+00
+798.00E-06,-669.99057E-03,+3.84312182E+00
+799.00E-06,-668.73429E-03,+3.84343589E+00
+800.00E-06,-667.44660E-03,+3.84217961E+00
+801.00E-06,-666.09610E-03,+3.84217961E+00
+802.00E-06,-664.71419E-03,+3.84217961E+00
+803.00E-06,-663.14384E-03,+3.84155147E+00
+804.00E-06,-661.47926E-03,+3.84155147E+00
+805.00E-06,-660.28580E-03,+3.84029519E+00
+806.00E-06,-658.90389E-03,+3.84155147E+00
+807.00E-06,-657.49057E-03,+3.84029519E+00
+808.00E-06,-655.95163E-03,+3.83935297E+00
+809.00E-06,-654.28705E-03,+3.83935297E+00
+810.00E-06,-652.87374E-03,+3.83935297E+00
+811.00E-06,-651.49183E-03,+3.83872483E+00
+812.00E-06,-650.17273E-03,+3.83809669E+00
+813.00E-06,-648.53957E-03,+3.83715448E+00
+814.00E-06,-646.78077E-03,+3.83715448E+00
+815.00E-06,-644.99057E-03,+3.83684041E+00
+816.00E-06,-643.42022E-03,+3.83809669E+00
+817.00E-06,-641.91268E-03,+3.83621227E+00
+818.00E-06,-640.12248E-03,+3.83527006E+00
+819.00E-06,-638.26947E-03,+3.83558413E+00
+820.00E-06,-636.44786E-03,+3.83621227E+00
+821.00E-06,-635.00313E-03,+3.83495599E+00
+822.00E-06,-633.30715E-03,+3.83464192E+00
+823.00E-06,-631.32851E-03,+3.83432785E+00
+824.00E-06,-629.22424E-03,+3.83495599E+00
+825.00E-06,-627.30841E-03,+3.83432785E+00
+826.00E-06,-625.42399E-03,+3.83244343E+00
+827.00E-06,-623.35112E-03,+3.83244343E+00
+828.00E-06,-621.21545E-03,+3.83338564E+00
+829.00E-06,-619.36243E-03,+3.83275750E+00
+830.00E-06,-617.54082E-03,+3.83181529E+00
+831.00E-06,-615.34233E-03,+3.83024493E+00
+832.00E-06,-613.11243E-03,+3.83024493E+00
+833.00E-06,-611.22801E-03,+3.83024493E+00
+834.00E-06,-609.46921E-03,+3.82898865E+00
+835.00E-06,-607.20791E-03,+3.82898865E+00
+836.00E-06,-604.82097E-03,+3.82993086E+00
+837.00E-06,-602.52826E-03,+3.82898865E+00
+838.00E-06,-600.17273E-03,+3.82867458E+00
+839.00E-06,-597.59736E-03,+3.82867458E+00
+840.00E-06,-595.30464E-03,+3.82836051E+00
+841.00E-06,-593.10615E-03,+3.82836051E+00
+842.00E-06,-590.46796E-03,+3.82679016E+00
+843.00E-06,-588.04962E-03,+3.82741830E+00
+844.00E-06,-585.88253E-03,+3.82741830E+00
+845.00E-06,-583.27575E-03,+3.82553388E+00
+846.00E-06,-580.73178E-03,+3.82553388E+00
+847.00E-06,-578.28203E-03,+3.82396353E+00
+848.00E-06,-575.73806E-03,+3.82459167E+00
+849.00E-06,-573.13128E-03,+3.82521981E+00
+850.00E-06,-570.68153E-03,+3.82396353E+00
+851.00E-06,-568.13756E-03,+3.82270725E+00
+852.00E-06,-565.43655E-03,+3.82145096E+00
+853.00E-06,-562.92399E-03,+3.82113689E+00
+854.00E-06,-560.44283E-03,+3.82145096E+00
+855.00E-06,-557.67901E-03,+3.82207910E+00
+856.00E-06,-555.16645E-03,+3.81988061E+00
+857.00E-06,-552.43404E-03,+3.81988061E+00
+858.00E-06,-549.54459E-03,+3.81956654E+00
+859.00E-06,-546.87499E-03,+3.81925247E+00
+860.00E-06,-544.11118E-03,+3.81736805E+00
+861.00E-06,-541.09610E-03,+3.81831026E+00
+862.00E-06,-538.61494E-03,+3.81611177E+00
+863.00E-06,-535.75690E-03,+3.81673991E+00
+864.00E-06,-532.89886E-03,+3.81642584E+00
+865.00E-06,-530.35489E-03,+3.81485549E+00
+866.00E-06,-527.55967E-03,+3.81485549E+00
+867.00E-06,-524.57600E-03,+3.81391328E+00
+868.00E-06,-521.90640E-03,+3.81422735E+00
+869.00E-06,-518.98555E-03,+3.81140071E+00
+870.00E-06,-515.78203E-03,+3.81045850E+00
+871.00E-06,-513.04962E-03,+3.81108664E+00
+872.00E-06,-509.97173E-03,+3.81077257E+00
+873.00E-06,-507.08228E-03,+3.80857408E+00
+874.00E-06,-504.22424E-03,+3.80857408E+00
+875.00E-06,-501.02072E-03,+3.80606152E+00
+876.00E-06,-498.19409E-03,+3.80543338E+00
+877.00E-06,-495.02198E-03,+3.80386302E+00
+878.00E-06,-491.75565E-03,+3.80197860E+00
+879.00E-06,-488.92901E-03,+3.79946604E+00
+880.00E-06,-485.72550E-03,+3.79883790E+00
+881.00E-06,-482.61620E-03,+3.79601127E+00
+882.00E-06,-479.53831E-03,+3.79444091E+00
+883.00E-06,-476.14635E-03,+3.79381277E+00
+884.00E-06,-472.97424E-03,+3.79130021E+00
+885.00E-06,-469.48806E-03,+3.78910172E+00
+886.00E-06,-466.28454E-03,+3.78721730E+00
+887.00E-06,-463.04962E-03,+3.78564694E+00
+888.00E-06,-459.53203E-03,+3.78344845E+00
+889.00E-06,-456.23429E-03,+3.78156403E+00
+890.00E-06,-452.81092E-03,+3.77967961E+00
+891.00E-06,-449.73304E-03,+3.77810926E+00
+892.00E-06,-446.40389E-03,+3.77559669E+00
+893.00E-06,-442.57223E-03,+3.77339820E+00
+894.00E-06,-439.11746E-03,+3.77119971E+00
+895.00E-06,-435.56846E-03,+3.76648865E+00
+896.00E-06,-432.74183E-03,+3.76114946E+00
+897.00E-06,-429.19283E-03,+3.75266956E+00
+898.00E-06,-425.86369E-03,+3.74199117E+00
+899.00E-06,-422.37751E-03,+3.73068463E+00
+900.00E-06,-419.01696E-03,+3.71686554E+00
+901.00E-06,-415.53077E-03,+3.70744343E+00
+902.00E-06,-411.82474E-03,+3.70053388E+00
+903.00E-06,-408.40138E-03,+3.69582282E+00
+904.00E-06,-404.63253E-03,+3.69016956E+00
+905.00E-06,-401.11495E-03,+3.67917710E+00
+906.00E-06,-397.50314E-03,+3.65876252E+00
+907.00E-06,-393.92273E-03,+3.63929016E+00
+908.00E-06,-390.37374E-03,+3.62390071E+00
+909.00E-06,-386.95037E-03,+3.61604896E+00
+910.00E-06,-383.49560E-03,+3.60599871E+00
+911.00E-06,-379.72675E-03,+3.58401378E+00
+912.00E-06,-376.17776E-03,+3.55606152E+00
+913.00E-06,-372.22047E-03,+3.54004393E+00
+914.00E-06,-368.51444E-03,+3.52842333E+00
+915.00E-06,-364.49434E-03,+3.50581026E+00
+916.00E-06,-360.91394E-03,+3.47471730E+00
+917.00E-06,-357.05088E-03,+3.45650122E+00
+918.00E-06,-353.43907E-03,+3.44142584E+00
+919.00E-06,-349.67022E-03,+3.41033288E+00
+920.00E-06,-345.58731E-03,+3.38300876E+00
+921.00E-06,-341.63002E-03,+3.36950373E+00
+922.00E-06,-337.92399E-03,+3.34437810E+00
+923.00E-06,-334.31218E-03,+3.30951630E+00
+924.00E-06,-330.51193E-03,+3.29381278E+00
+925.00E-06,-326.64887E-03,+3.27465449E+00
+926.00E-06,-322.75439E-03,+3.23790826E+00
+927.00E-06,-319.07977E-03,+3.21498112E+00
+928.00E-06,-314.83982E-03,+3.19331027E+00
+929.00E-06,-310.81972E-03,+3.15624997E+00
+930.00E-06,-306.57977E-03,+3.12892585E+00
+931.00E-06,-302.55967E-03,+3.09437811E+00
+932.00E-06,-298.66520E-03,+3.06014444E+00
+933.00E-06,-294.80213E-03,+3.03847359E+00
+934.00E-06,-290.71922E-03,+2.99827258E+00
+935.00E-06,-286.76193E-03,+2.97283288E+00
+936.00E-06,-282.71042E-03,+2.94739318E+00
+937.00E-06,-278.81595E-03,+2.90813439E+00
+938.00E-06,-274.79585E-03,+2.88834796E+00
+939.00E-06,-270.77575E-03,+2.85348615E+00
+940.00E-06,-266.50439E-03,+2.81611178E+00
+941.00E-06,-262.67274E-03,+2.78815952E+00
+942.00E-06,-258.27575E-03,+2.74481781E+00
+943.00E-06,-254.03580E-03,+2.71812183E+00
+944.00E-06,-249.70163E-03,+2.67352384E+00
+945.00E-06,-245.68153E-03,+2.64777007E+00
+946.00E-06,-241.75565E-03,+2.61416454E+00
+947.00E-06,-237.76696E-03,+2.57836053E+00
+948.00E-06,-233.52701E-03,+2.55637560E+00
+949.00E-06,-229.16143E-03,+2.51271982E+00
+950.00E-06,-225.17274E-03,+2.48351128E+00
+951.00E-06,-220.90138E-03,+2.44079771E+00
+952.00E-06,-216.69284E-03,+2.40939068E+00
+953.00E-06,-212.45289E-03,+2.37484294E+00
+954.00E-06,-208.43279E-03,+2.33338565E+00
+955.00E-06,-204.16143E-03,+2.29852384E+00
+956.00E-06,-200.20414E-03,+2.25643842E+00
+957.00E-06,-195.74434E-03,+2.22974244E+00
+958.00E-06,-191.44158E-03,+2.18326003E+00
+959.00E-06,-187.01319E-03,+2.15373741E+00
+960.00E-06,-182.67902E-03,+2.10788314E+00
+961.00E-06,-178.37625E-03,+2.08181530E+00
+962.00E-06,-174.48178E-03,+2.04067209E+00
+963.00E-06,-170.08480E-03,+2.00329772E+00
+964.00E-06,-166.41017E-03,+1.96027008E+00
+965.00E-06,-162.13882E-03,+1.92697862E+00
+966.00E-06,-158.05590E-03,+1.88897611E+00
+967.00E-06,-153.47048E-03,+1.84908918E+00
+968.00E-06,-149.10490E-03,+1.81359923E+00
+969.00E-06,-144.77073E-03,+1.77182787E+00
+970.00E-06,-140.65641E-03,+1.73539571E+00
+971.00E-06,-136.41646E-03,+1.69268214E+00
+972.00E-06,-132.08229E-03,+1.66221732E+00
+973.00E-06,-128.09359E-03,+1.61667712E+00
+974.00E-06,-123.82223E-03,+1.58338566E+00
+975.00E-06,-119.45666E-03,+1.53847360E+00
+976.00E-06,-114.87123E-03,+1.51554647E+00
+977.00E-06,-110.47425E-03,+1.46937812E+00
+978.00E-06,-105.79460E-03,+1.43859923E+00
+979.00E-06,-101.42902E-03,+1.39557159E+00
+980.00E-06,-97.18907E-03,+1.36353642E+00
+981.00E-06,-93.01193E-03,+1.32647612E+00
+982.00E-06,-88.64636E-03,+1.28407662E+00
+983.00E-06,-84.12374E-03,+1.24073491E+00
+984.00E-06,-79.88379E-03,+1.20461682E+00
+985.00E-06,-75.42399E-03,+1.16787059E+00
+986.00E-06,-71.12123E-03,+1.12578516E+00
+987.00E-06,-66.75565E-03,+1.08401381E+00
+988.00E-06,-62.26445E-03,+1.04192838E+00
+989.00E-06,-57.71043E-03,+999.52888E-03
+990.00E-06,-53.15641E-03,+962.46858E-03
+991.00E-06,-48.91646E-03,+923.20979E-03
+992.00E-06,-44.83354E-03,+881.12436E-03
+993.00E-06,-40.43656E-03,+835.89823E-03
+994.00E-06,-35.91394E-03,+798.83793E-03
+995.00E-06,-31.86244E-03,+757.38065E-03
+996.00E-06,-27.65389E-03,+719.37813E-03
+997.00E-06,-23.38254E-03,+676.97864E-03
+998.00E-06,-19.01696E-03,+636.46356E-03
+999.00E-06,-15.15389E-03,+590.29522E-03
